name,abilities,classfication,type1,type2,attack,hp,defense,speed,weight_kg,height_m,generation,base_happiness,capture_rate,experience_growth,pokedex_number,sp_attack,sp_defense,is_legendary
Tornadus,"['Prankster', 'Defiant', 'Regenerator']",Cyclone Pokémon,flying,,100,79,80,121,63,1.5,5,90,3,1250000,641,110,90,1
Caterpie,"['Shield Dust', 'Run Away']",Worm Pokémon,bug,,30,45,35,45,2.9,0.3,1,70,255,1000000,10,20,20,0
Metapod,['Shed Skin'],Cocoon Pokémon,bug,,20,50,55,30,9.9,0.7,1,70,120,1000000,11,25,25,0
Pinsir,"['Hyper Cutter', 'Mold Breaker', 'Moxie']",Stagbeetle Pokémon,bug,,155,65,120,105,55,1.5,1,70,45,1250000,127,65,90,0
Pineco,"['Sturdy', 'Overcoat']",Bagworm Pokémon,bug,,65,50,90,15,7.2,0.6,2,70,190,1000000,204,35,35,0
Wurmple,"['Shield Dust', 'Run Away']",Worm Pokémon,bug,,45,45,35,20,3.6,0.3,3,70,255,1000000,265,20,30,0
Silcoon,['Shed Skin'],Cocoon Pokémon,bug,,35,50,55,15,10,0.6,3,70,120,1000000,266,25,25,0
Cascoon,['Shed Skin'],Cocoon Pokémon,bug,,35,50,55,15,11.5,0.7,3,70,120,1000000,268,25,25,0
Volbeat,"['Illuminate', 'Swarm', 'Prankster']",Firefly Pokémon,bug,,73,65,75,85,17.7,0.7,3,70,150,600000,313,47,85,0
Illumise,"['Oblivious', 'Tinted Lens', 'Prankster']",Firefly Pokémon,bug,,47,65,75,85,17.7,0.6,3,70,150,1640000,314,73,85,0
Kricketot,"['Shed Skin', 'Run Away']",Cricket Pokémon,bug,,25,37,41,25,2.2,0.3,4,70,255,1059860,401,25,41,0
Kricketune,"['Swarm', 'Technician']",Cricket Pokémon,bug,,85,77,51,65,25.5,1,4,70,45,1059860,402,55,51,0
Burmy,"['Shed Skin', 'Overcoat']",Bagworm Pokémon,bug,,29,40,45,36,3.4,0.2,4,70,120,1000000,412,29,45,0
Karrablast,"['Swarm', 'Shed Skin', 'No Guard']",Clamping Pokémon,bug,,75,50,45,60,5.9,0.5,5,70,200,1000000,588,40,45,0
Shelmet,"['Hydration', 'Shell Armor', 'Overcoat']",Snail Pokémon,bug,,40,50,85,25,7.7,0.4,5,70,200,1000000,616,40,65,0
Accelgor,"['Hydration', 'Sticky Hold', 'Unburden']",Shell Out Pokémon,bug,,70,80,40,145,25.3,0.8,5,70,75,1000000,617,100,60,0
Scatterbug,"['Shield Dust', 'Compoundeyes', 'Friend Guard']",Scatterdust Pokémon,bug,,35,38,40,35,2.5,0.3,6,70,255,1000000,664,27,25,0
Spewpa,"['Shed Skin', 'Friend Guard']",Scatterdust Pokémon,bug,,22,45,60,29,8.4,0.3,6,70,120,1000000,665,27,30,0
Grubbin,['Swarm'],Larva Pokémon,bug,,62,47,45,46,4.4,0.4,7,70,255,1000000,736,55,45,0
Snorunt,"['Inner Focus', 'Ice Body', 'Moody']",Snow Hat Pokémon,ice,,50,50,50,50,16.8,0.7,3,70,190,1000000,361,50,50,0
Glalie,"['Inner Focus', 'Ice Body', 'Moody']",Face Pokémon,ice,,120,80,80,100,256.5,1.5,3,70,75,1000000,362,120,80,0
Regice,"['Clear Body', 'Ice Body']",Iceberg Pokémon,ice,,50,80,100,50,175,1.8,3,35,3,1250000,378,100,200,1
Glaceon,"['Snow Cloak', 'Ice Body']",Fresh Snow Pokémon,ice,,60,65,110,65,25.9,0.8,4,35,45,1000000,471,130,95,0
Vanillite,"['Ice Body', 'Snow Cloak', 'Weak Armor']",Fresh Snow Pokémon,ice,,50,36,50,44,5.7,0.4,5,70,255,1250000,582,65,60,0
Vanillish,"['Ice Body', 'Snow Cloak', 'Weak Armor']",Icy Snow Pokémon,ice,,65,51,65,59,41,1.1,5,70,120,1250000,583,80,75,0
Vanilluxe,"['Ice Body', 'Snow Warning', 'Weak Armor']",Snowstorm Pokémon,ice,,95,71,85,79,57.5,1.3,5,70,45,1250000,584,110,95,0
Cubchoo,"['Snow Cloak', 'Slush Rush', 'Rattled']",Chill Pokémon,ice,,70,55,40,40,8.5,0.5,5,70,120,1000000,613,60,40,0
Beartic,"['Snow Cloak', 'Slush Rush', 'Swift Swim']",Freezing Pokémon,ice,,130,95,80,50,260,2.6,5,70,60,1000000,614,70,80,0
Cryogonal,['Levitate'],Crystallizing Pokémon,ice,,50,80,50,105,148,1.1,5,70,25,1000000,615,95,135,0
Bergmite,"['Own Tempo', 'Ice Body', 'Sturdy']",Ice Chunk Pokémon,ice,,69,55,85,28,99.5,1,6,70,190,1000000,712,32,35,0
Avalugg,"['Own Tempo', 'Ice Body', 'Sturdy']",Iceberg Pokémon,ice,,117,95,184,28,505,2,6,70,55,1000000,713,44,46,0
Umbreon,"['Synchronize', 'Inner Focus']",Moonlight Pokémon,dark,,65,95,110,65,27,1,2,35,45,1000000,197,60,130,0
Poochyena,"['Run Away', 'Quick Feet', 'Rattled']",Bite Pokémon,dark,,55,35,35,35,13.6,0.5,3,70,255,1000000,261,30,30,0
Mightyena,"['Intimidate', 'Quick Feet', 'Moxie']",Bite Pokémon,dark,,90,70,70,70,37,1,3,70,127,1000000,262,60,60,0
Absol,"['Pressure', 'Super Luck', 'Justified']",Disaster Pokémon,dark,,150,65,60,115,47,1.2,3,35,30,1059860,359,115,60,0
Darkrai,['Bad Dreams'],Pitch-Black Pokémon,dark,,90,70,90,125,50.5,1.5,4,0,3,1250000,491,135,90,1
Purrloin,"['Limber', 'Unburden', 'Prankster']",Devious Pokémon,dark,,50,41,37,66,10.1,0.4,5,70,255,1000000,509,50,37,0
Liepard,"['Limber', 'Unburden', 'Prankster']",Cruel Pokémon,dark,,88,64,50,106,37.5,1.1,5,70,90,1000000,510,88,50,0
Zorua,['Illusion'],Tricky Fox Pokémon,dark,,65,40,40,65,12.5,0.7,5,70,75,1059860,570,80,40,0
Zoroark,['Illusion'],Illusion Fox Pokémon,dark,,105,60,60,105,81.1,1.6,5,70,45,1059860,571,120,60,0
Charmander,"['Blaze', 'Solar Power']",Lizard Pokémon,fire,,52,39,43,65,8.5,0.6,1,70,45,1059860,4,60,50,0
Charmeleon,"['Blaze', 'Solar Power']",Flame Pokémon,fire,,64,58,58,80,19,1.1,1,70,45,1059860,5,80,65,0
Growlithe,"['Intimidate', 'Flash Fire', 'Justified']",Puppy Pokémon,fire,,70,55,45,60,19,0.7,1,70,190,1250000,58,70,50,0
Arcanine,"['Intimidate', 'Flash Fire', 'Justified']",Legendary Pokémon,fire,,110,90,80,95,155,1.9,1,70,75,1250000,59,100,80,0
Ponyta,"['Run Away', 'Flash Fire', 'Flame Body']",Fire Horse Pokémon,fire,,85,50,55,90,30,1,1,70,190,1000000,77,65,65,0
Rapidash,"['Run Away', 'Flash Fire', 'Flame Body']",Fire Horse Pokémon,fire,,100,65,70,105,95,1.7,1,70,60,1000000,78,80,80,0
Magmar,"['Flame Body', 'Vital Spirit']",Spitfire Pokémon,fire,,95,65,57,93,44.5,1.3,1,70,45,1000000,126,100,85,0
Flareon,"['Flash Fire', 'Guts']",Flame Pokémon,fire,,130,65,60,65,25,0.9,1,70,45,1000000,136,95,110,0
Cyndaquil,"['Blaze', 'Flash Fire']",Fire Mouse Pokémon,fire,,52,39,43,65,7.9,0.5,2,70,45,1059860,155,60,50,0
Quilava,"['Blaze', 'Flash Fire']",Volcano Pokémon,fire,,64,58,58,80,19,0.9,2,70,45,1059860,156,80,65,0
Typhlosion,"['Blaze', 'Flash Fire']",Volcano Pokémon,fire,,84,78,78,100,79.5,1.7,2,70,45,1059860,157,109,85,0
Slugma,"['Magma Armor', 'Flame Body', 'Weak Armor']",Lava Pokémon,fire,,40,40,40,20,35,0.7,2,70,190,1000000,218,70,40,0
Magby,"['Flame Body', 'Vital Spirit']",Live Coal Pokémon,fire,,75,45,37,83,21.4,0.7,2,70,45,1000000,240,70,55,0
Entei,"['Pressure', 'Inner Focus']",Volcano Pokémon,fire,,115,115,85,100,198,2.1,2,35,3,1250000,244,90,75,1
Torchic,"['Blaze', 'Speed Boost']",Chick Pokémon,fire,,60,45,40,45,2.5,0.4,3,70,45,1059860,255,70,50,0
Torkoal,"['White Smoke', 'Drought', 'Shell Armor']",Coal Pokémon,fire,,85,70,140,20,80.4,0.5,3,70,90,1000000,324,85,70,0
Chimchar,"['Blaze', 'Iron Fist']",Chimp Pokémon,fire,,58,44,44,61,6.2,0.5,4,70,45,1059860,390,58,44,0
Magmortar,"['Flame Body', 'Vital Spirit']",Blast Pokémon,fire,,95,75,67,83,68,1.6,4,70,30,1000000,467,125,95,0
Tepig,"['Blaze', 'Thick Fat']",Fire Pig Pokémon,fire,,63,65,45,45,9.9,0.5,5,70,45,1059860,498,45,45,0
Pansear,"['Gluttony', 'Blaze']",High Temp Pokémon,fire,,53,50,48,64,11,0.6,5,70,190,1000000,513,53,48,0
Simisear,"['Gluttony', 'Blaze']",Ember Pokémon,fire,,98,75,63,101,28,1,5,70,75,1000000,514,98,63,0
Darumaka,"['Hustle', 'Inner Focus']",Zen Charm Pokémon,fire,,90,70,45,50,37.5,0.6,5,70,120,1059860,554,15,45,0
Heatmor,"['Gluttony', 'Flash Fire', 'White Smoke']",Anteater Pokémon,fire,,97,85,66,65,58,1.4,5,70,90,1000000,631,105,66,0
Fennekin,"['Blaze', 'Magician']",Fox Pokémon,fire,,45,40,40,60,9.4,0.4,6,70,45,1059860,653,62,60,0
Braixen,"['Blaze', 'Magician']",Fox Pokémon,fire,,59,59,58,73,14.5,1,6,70,45,1059860,654,90,70,0
Litten,"['Blaze', 'Intimidate']",Fire Cat Pokémon,fire,,65,45,40,70,4.3,0.4,7,70,45,1059860,725,60,40,0
Torracat,"['Blaze', 'Intimidate']",Fire Cat Pokémon,fire,,85,65,50,90,25,0.7,7,70,45,1059860,726,80,50,0
Sudowoodo,"['Sturdy', 'Rock Head', 'Rattled']",Imitation Pokémon,rock,,100,70,115,30,38,1.2,2,70,65,1000000,185,30,65,0
Nosepass,"['Sturdy', 'Magnet Pull', 'Sand Force']",Compass Pokémon,rock,,45,30,135,30,97,1,3,70,255,1000000,299,45,90,0
Regirock,"['Clear Body', 'Sturdy']",Rock Peak Pokémon,rock,,100,80,200,50,230,1.7,3,35,3,1250000,377,50,100,1
Cranidos,"['Mold Breaker', 'Sheer Force']",Head Butt Pokémon,rock,,125,67,40,58,31.5,0.9,4,70,45,600000,408,30,30,0
Rampardos,"['Mold Breaker', 'Sheer Force']",Head Butt Pokémon,rock,,165,97,60,58,102.5,1.6,4,70,45,600000,409,65,50,0
Bonsly,"['Sturdy', 'Rock Head', 'Rattled']",Bonsai Pokémon,rock,,80,50,95,10,15,0.5,4,70,255,1000000,438,10,45,0
Roggenrola,"['Sturdy', 'Weak Armor', 'Sand Force']",Mantle Pokémon,rock,,75,55,85,15,18,0.4,5,70,255,1059860,524,25,25,0
Boldore,"['Sturdy', 'Weak Armor', 'Sand Force']",Ore Pokémon,rock,,105,70,105,20,102,0.9,5,70,120,1059860,525,50,40,0
Gigalith,"['Sturdy', 'Sand Stream', 'Sand Force']",Compressed Pokémon,rock,,135,85,130,25,260,1.7,5,70,45,1059860,526,60,80,0
Rockruff,"['Keen Eye', 'Vital Spirit', 'Steadfast']",Puppy Pokémon,rock,,65,45,40,60,9.2,0.5,7,70,190,1000000,744,30,40,0
Lycanroc,"['Keen Eye', 'Sand Rush', 'Steadfast', 'Keen Eye', 'Vital Spirit', 'No Guard']",Wolf Pokémon,rock,,115,85,75,82,,,7,70,90,1000000,745,55,75,0
Clefairy,"['Cute Charm', 'Magic Guard', 'Friend Guard']",Fairy Pokémon,fairy,,45,70,48,35,7.5,0.6,1,140,150,800000,35,60,65,0
Clefable,"['Cute Charm', 'Magic Guard', 'Unaware']",Fairy Pokémon,fairy,,70,95,73,60,40,1.3,1,140,25,800000,36,95,90,0
Cleffa,"['Cute Charm', 'Magic Guard', 'Friend Guard']",Star Shape Pokémon,fairy,,25,50,28,15,3,0.3,2,140,150,800000,173,45,55,0
Togepi,"['Hustle', 'Serene Grace', 'Super Luck']",Spike Ball Pokémon,fairy,,20,35,65,20,1.5,0.3,2,70,190,800000,175,40,65,0
Snubbull,"['Intimidate', 'Run Away', 'Rattled']",Fairy Pokémon,fairy,,80,60,50,30,7.8,0.6,2,70,190,800000,209,40,40,0
Granbull,"['Intimidate', 'Quick Feet', 'Rattled']",Fairy Pokémon,fairy,,120,90,75,45,48.7,1.4,2,70,75,800000,210,60,60,0
Flabébé,"['Flower Veil', 'Symbiosis']",Single Bloom Pokémon,fairy,,38,44,39,42,0.1,0.1,6,70,225,1000000,669,61,79,0
Floette,"['Flower Veil', 'Symbiosis']",Fairy Pokémon,fairy,,65,74,67,92,0.9,0.2,6,70,120,1000000,670,125,128,0
Florges,"['Flower Veil', 'Symbiosis']",Garden Pokémon,fairy,,65,78,68,75,10,1.1,6,70,45,1000000,671,112,154,0
Spritzee,"['Healer', 'Aroma Veil']",Perfume Pokémon,fairy,,52,78,60,23,0.5,0.2,6,70,200,1000000,682,63,65,0
Aromatisse,"['Healer', 'Aroma Veil']",Fragrance Pokémon,fairy,,72,101,72,29,15.5,0.8,6,70,140,1000000,683,99,89,0
Swirlix,"['Sweet Veil', 'Unburden']",Cotton Candy Pokémon,fairy,,48,62,66,49,3.5,0.4,6,70,200,1000000,684,59,57,0
Slurpuff,"['Sweet Veil', 'Unburden']",Meringue Pokémon,fairy,,80,82,86,72,5,0.8,6,70,140,1000000,685,85,75,0
Sylveon,"['Cute Charm', 'Pixilate']",Intertwining Pokémon,fairy,,65,95,65,60,23.5,1,6,70,45,1000000,700,110,130,0
Xerneas,['Fairy Aura'],Life Pokémon,fairy,,131,126,95,99,215,3,6,0,45,1250000,716,131,98,1
Comfey,"['Flower Veil', 'Triage', 'Natural Cure']",Posy Picker Pokémon,fairy,,52,51,90,100,0.3,0.1,7,70,60,800000,764,82,110,0
Misdreavus,['Levitate'],Screech Pokémon,ghost,,60,60,60,85,1,0.7,2,35,45,800000,200,85,85,0
Shuppet,"['Insomnia', 'Frisk', 'Cursed Body']",Puppet Pokémon,ghost,,75,44,35,45,2.3,0.6,3,35,225,800000,353,63,33,0
Banette,"['Insomnia', 'Frisk', 'Cursed Body']",Marionette Pokémon,ghost,,165,64,75,75,12.5,1.1,3,35,45,800000,354,93,83,0
Duskull,"['Levitate', 'Frisk']",Requiem Pokémon,ghost,,40,20,90,25,15,0.8,3,35,190,800000,355,30,90,0
Dusclops,"['Pressure', 'Frisk']",Beckon Pokémon,ghost,,70,40,130,25,30.6,1.6,3,35,90,800000,356,60,130,0
Mismagius,['Levitate'],Magical Pokémon,ghost,,60,60,60,105,4.4,0.9,4,35,45,800000,429,105,105,0
Dusknoir,"['Pressure', 'Frisk']",Gripper Pokémon,ghost,,100,45,135,45,106.6,2.2,4,35,45,800000,477,65,135,0
Yamask,['Mummy'],Spirit Pokémon,ghost,,30,38,85,30,1.5,0.5,5,70,190,1000000,562,55,65,0
Cofagrigus,['Mummy'],Coffin Pokémon,ghost,,50,58,145,30,76.5,1.7,5,70,90,1000000,563,95,105,0
Tangela,"['Chlorophyll', 'Leaf Guard', 'Regenerator']",Vine Pokémon,grass,,55,65,115,60,35,1,1,70,45,1000000,114,100,40,0
Chikorita,"['Overgrow', 'Leaf Guard']",Leaf Pokémon,grass,,49,45,65,45,6.4,0.9,2,70,45,1059860,152,49,65,0
Bayleef,"['Overgrow', 'Leaf Guard']",Leaf Pokémon,grass,,62,60,80,60,15.8,1.2,2,70,45,1059860,153,63,80,0
Meganium,"['Overgrow', 'Leaf Guard']",Herb Pokémon,grass,,82,80,100,80,100.5,1.8,2,70,45,1059860,154,83,100,0
Bellossom,"['Chlorophyll', 'Healer']",Flower Pokémon,grass,,80,75,95,50,5.8,0.4,2,70,45,1059860,182,90,100,0
Sunkern,"['Chlorophyll', 'Solar Power', 'Early Bird']",Seed Pokémon,grass,,30,30,30,30,1.8,0.3,2,70,235,1059860,191,30,30,0
Sunflora,"['Chlorophyll', 'Solar Power', 'Early Bird']",Sun Pokémon,grass,,75,75,55,30,8.5,0.8,2,70,120,1059860,192,105,85,0
Treecko,"['Overgrow', 'Unburden']",Wood Gecko Pokémon,grass,,45,40,35,70,5,0.5,3,70,45,1059860,252,65,55,0
Grovyle,"['Overgrow', 'Unburden']",Wood Gecko Pokémon,grass,,65,50,45,95,21.6,0.9,3,70,45,1059860,253,85,65,0
Sceptile,"['Overgrow', 'Unburden']",Forest Pokémon,grass,,110,70,75,145,52.2,1.7,3,70,45,1059860,254,145,85,0
Seedot,"['Chlorophyll', 'Early Bird', 'Pickpocket']",Acorn Pokémon,grass,,40,40,50,30,4,0.5,3,70,255,1059860,273,30,30,0
Shroomish,"['Effect Spore', 'Poison Heal', 'Quick Feet']",Mushroom Pokémon,grass,,40,60,60,35,4.5,0.4,3,70,255,1640000,285,40,60,0
Cacnea,"['Sand Veil', 'Water Absorb']",Cactus Pokémon,grass,,85,50,40,35,51.3,0.4,3,35,190,1059860,331,85,40,0
Turtwig,"['Overgrow', 'Shell Armor']",Tiny Leaf Pokémon,grass,,68,55,64,31,10.2,0.4,4,70,45,1059860,387,45,55,0
Grotle,"['Overgrow', 'Shell Armor']",Grove Pokémon,grass,,89,75,85,36,97,1.1,4,70,45,1059860,388,55,65,0
Cherubi,['Chlorophyll'],Cherry Pokémon,grass,,35,45,45,35,3.3,0.4,4,70,190,1000000,420,62,53,0
Cherrim,['Flower Gift'],Blossom Pokémon,grass,,60,70,70,85,9.3,0.5,4,70,75,1000000,421,87,78,0
Carnivine,['Levitate'],Bug Catcher Pokémon,grass,,100,74,72,46,27,1.4,4,70,200,1250000,455,90,72,0
Tangrowth,"['Chlorophyll', 'Leaf Guard', 'Regenerator']",Vine Pokémon,grass,,100,100,125,50,128.6,2,4,70,30,1000000,465,110,50,0
Leafeon,"['Leaf Guard', 'Chlorophyll']",Verdant Pokémon,grass,,110,65,130,95,25.5,1,4,35,45,1000000,470,60,65,0
Snivy,"['Overgrow', 'Contrary']",Grass Snake Pokémon,grass,,45,45,55,63,8.1,0.6,5,70,45,1059860,495,45,55,0
Servine,"['Overgrow', 'Contrary']",Grass Snake Pokémon,grass,,60,60,75,83,16,0.8,5,70,45,1059860,496,60,75,0
Serperior,"['Overgrow', 'Contrary']",Regal Pokémon,grass,,75,75,95,113,63,3.3,5,70,45,1059860,497,75,95,0
Pansage,"['Gluttony', 'Overgrow']",Grass Monkey Pokémon,grass,,53,50,48,64,10.5,0.6,5,70,190,1000000,511,53,48,0
Simisage,"['Gluttony', 'Overgrow']",Thorn Monkey Pokémon,grass,,98,75,63,101,30.5,1.1,5,70,75,1000000,512,98,63,0
Petilil,"['Chlorophyll', 'Own Tempo', 'Leaf Guard']",Bulb Pokémon,grass,,35,45,50,30,6.6,0.5,5,70,190,1000000,548,70,50,0
Lilligant,"['Chlorophyll', 'Own Tempo', 'Leaf Guard']",Flowering Pokémon,grass,,60,70,75,90,16.3,1.1,5,70,75,1000000,549,110,75,0
Maractus,"['Water Absorb', 'Chlorophyll', 'Storm Drain']",Cactus Pokémon,grass,,86,75,67,60,28,1,5,70,255,1000000,556,106,67,0
Chespin,"['Overgrow', 'Bulletproof']",Spiky Nut Pokémon,grass,,61,56,65,38,9,0.4,6,70,45,1059860,650,48,45,0
Quilladin,"['Overgrow', 'Bulletproof']",Spiny Armor Pokémon,grass,,78,61,95,57,29,0.7,6,70,45,1059860,651,56,58,0
Skiddo,"['Sap Sipper', 'Grass Pelt']",Mount Pokémon,grass,,65,66,48,52,31,0.9,6,70,200,1000000,672,62,57,0
Gogoat,"['Sap Sipper', 'Grass Pelt']",Mount Pokémon,grass,,100,123,62,68,91,1.7,6,70,45,1000000,673,97,81,0
Fomantis,"['Leaf Guard', 'Contrary']",Sickle Grass Pokémon,grass,,55,40,35,35,1.5,0.3,7,70,190,1000000,753,50,35,0
Lurantis,"['Leaf Guard', 'Contrary']",Bloom Sickle Pokémon,grass,,105,70,90,45,18.5,0.9,7,70,75,1000000,754,80,90,0
Bounsweet,"['Leaf Guard', 'Oblivious', 'Sweet Veil']",Fruit Pokémon,grass,,30,42,38,32,3.2,0.3,7,70,235,1059860,761,30,38,0
Steenee,"['Leaf Guard', 'Oblivious', 'Sweet Veil']",Fruit Pokémon,grass,,40,52,48,62,8.2,0.7,7,70,120,1059860,762,40,48,0
Tsareena,"['Leaf Guard', 'Queenly Majesty', 'Sweet Veil']",Fruit Pokémon,grass,,120,72,98,72,21.4,1.2,7,70,45,1059860,763,50,98,0
Registeel,"['Clear Body', 'Light Metal']",Iron Pokémon,steel,,75,80,150,50,205,1.9,3,35,3,1250000,379,75,150,1
Klink,"['Plus', 'Minus', 'Clear Body']",Gear Pokémon,steel,,55,40,70,30,21,0.3,5,70,130,1059860,599,45,60,0
Klang,"['Plus', 'Minus', 'Clear Body']",Gear Pokémon,steel,,80,60,95,50,51,0.6,5,70,60,1059860,600,70,85,0
Klinklang,"['Plus', 'Minus', 'Clear Body']",Gear Pokémon,steel,,100,60,115,90,81,0.6,5,70,30,1059860,601,70,85,0
Squirtle,"['Torrent', 'Rain Dish']",Tiny Turtle Pokémon,water,,48,44,65,43,9,0.5,1,70,45,1059860,7,50,64,0
Wartortle,"['Torrent', 'Rain Dish']",Turtle Pokémon,water,,63,59,80,58,22.5,1,1,70,45,1059860,8,65,80,0
Blastoise,"['Torrent', 'Rain Dish']",Shellfish Pokémon,water,,103,79,120,78,85.5,1.6,1,70,45,1059860,9,135,115,0
Psyduck,"['Damp', 'Cloud Nine', 'Swift Swim']",Duck Pokémon,water,,52,50,48,55,19.6,0.8,1,70,190,1000000,54,65,50,0
Golduck,"['Damp', 'Cloud Nine', 'Swift Swim']",Duck Pokémon,water,,82,80,78,85,76.6,1.7,1,70,75,1000000,55,95,80,0
Poliwag,"['Water Absorb', 'Damp', 'Swift Swim']",Tadpole Pokémon,water,,50,40,40,90,12.4,0.6,1,70,255,1059860,60,40,40,0
Poliwhirl,"['Water Absorb', 'Damp', 'Swift Swim']",Tadpole Pokémon,water,,65,65,65,90,20,1,1,70,120,1059860,61,50,50,0
Seel,"['Thick Fat', 'Hydration', 'Ice Body']",Sea Lion Pokémon,water,,45,65,55,45,90,1.1,1,70,190,1000000,86,45,70,0
Shellder,"['Shell Armor', 'Skill Link', 'Overcoat']",Bivalve Pokémon,water,,65,30,100,40,4,0.3,1,70,190,1250000,90,45,25,0
Krabby,"['Hyper Cutter', 'Shell Armor', 'Sheer Force']",River Crab Pokémon,water,,105,30,90,50,6.5,0.4,1,70,225,1000000,98,25,25,0
Kingler,"['Hyper Cutter', 'Shell Armor', 'Sheer Force']",Pincer Pokémon,water,,130,55,115,75,60,1.3,1,70,60,1000000,99,50,50,0
Horsea,"['Swift Swim', 'Sniper', 'Damp']",Dragon Pokémon,water,,40,30,70,60,8,0.4,1,70,225,1000000,116,70,25,0
Seadra,"['Poison Point', 'Sniper', 'Damp']",Dragon Pokémon,water,,65,55,95,85,25,1.2,1,70,75,1000000,117,95,45,0
Goldeen,"['Swift Swim', 'Water Veil', 'Lightningrod']",Goldfish Pokémon,water,,67,45,60,63,15,0.6,1,70,225,1000000,118,35,50,0
Seaking,"['Swift Swim', 'Water Veil', 'Lightningrod']",Goldfish Pokémon,water,,92,80,65,68,39,1.3,1,70,60,1000000,119,65,80,0
Staryu,"['Illuminate', 'Natural Cure', 'Analytic']",Starshape Pokémon,water,,45,30,55,85,34.5,0.8,1,70,225,1250000,120,70,55,0
Magikarp,"['Swift Swim', 'Rattled']",Fish Pokémon,water,,10,20,55,80,10,0.9,1,70,255,1250000,129,15,20,0
Vaporeon,"['Water Absorb', 'Hydration']",Bubble Jet Pokémon,water,,65,130,60,65,29,1,1,70,45,1000000,134,110,95,0
Totodile,"['Torrent', 'Sheer Force']",Big Jaw Pokémon,water,,65,50,64,43,9.5,0.6,2,70,45,1059860,158,44,48,0
Croconaw,"['Torrent', 'Sheer Force']",Big Jaw Pokémon,water,,80,65,80,58,25,1.1,2,70,45,1059860,159,59,63,0
Feraligatr,"['Torrent', 'Sheer Force']",Big Jaw Pokémon,water,,105,85,100,78,88.8,2.3,2,70,45,1059860,160,79,83,0
Politoed,"['Water Absorb', 'Damp', 'Drizzle']",Frog Pokémon,water,,75,90,75,70,33.9,1.1,2,70,45,1059860,186,90,100,0
Remoraid,"['Hustle', 'Sniper', 'Moody']",Jet Pokémon,water,,65,35,35,65,12,0.6,2,70,190,1000000,223,65,35,0
Octillery,"['Suction Cups', 'Sniper', 'Moody']",Jet Pokémon,water,,105,75,75,45,28.5,0.9,2,70,75,1000000,224,105,75,0
Suicune,"['Pressure', 'Inner Focus']",Aurora Pokémon,water,,75,100,115,85,187,2,2,35,3,1250000,245,90,115,1
Mudkip,"['Torrent', 'Damp']",Mud Fish Pokémon,water,,70,50,50,40,7.6,0.4,3,70,45,1059860,258,50,50,0
Wailmer,"['Water Veil', 'Oblivious', 'Pressure']",Ball Whale Pokémon,water,,70,130,35,60,130,2,3,70,125,1640000,320,70,35,0
Wailord,"['Water Veil', 'Oblivious', 'Pressure']",Float Whale Pokémon,water,,90,170,45,60,398,14.5,3,70,60,1640000,321,90,45,0
Corphish,"['Hyper Cutter', 'Shell Armor', 'Adaptability']",Ruffian Pokémon,water,,80,43,65,35,11.5,0.6,3,70,205,1640000,341,50,35,0
Feebas,"['Swift Swim', 'Oblivious', 'Adaptability']",Fish Pokémon,water,,15,20,20,80,7.4,0.6,3,70,255,600000,349,10,55,0
Milotic,"['Marvel Scale', 'Competitive', 'Cute Charm']",Tender Pokémon,water,,60,95,79,81,162,6.2,3,70,60,600000,350,100,125,0
Clamperl,"['Shell Armor', 'Rattled']",Bivalve Pokémon,water,,64,35,85,32,52.5,0.4,3,70,255,600000,366,74,55,0
Huntail,"['Swift Swim', 'Water Veil']",Deep Sea Pokémon,water,,104,55,105,52,27,1.7,3,70,60,600000,367,94,75,0
Gorebyss,"['Swift Swim', 'Hydration']",South Sea Pokémon,water,,84,55,105,52,22.6,1.8,3,70,60,600000,368,114,75,0
Luvdisc,"['Swift Swim', 'Hydration']",Rendezvous Pokémon,water,,30,43,55,97,8.7,0.6,3,70,225,800000,370,40,65,0
Kyogre,['Drizzle'],Sea Basin Pokémon,water,,150,100,90,90,352,4.5,3,0,3,1250000,382,180,160,1
Piplup,"['Torrent', 'Defiant']",Penguin Pokémon,water,,51,53,53,40,5.2,0.4,4,70,45,1059860,393,61,56,0
Prinplup,"['Torrent', 'Defiant']",Penguin Pokémon,water,,66,64,68,50,23,0.8,4,70,45,1059860,394,81,76,0
Buizel,"['Swift Swim', 'Water Veil']",Sea Weasel Pokémon,water,,65,55,35,85,29.5,0.7,4,70,190,1000000,418,60,30,0
Floatzel,"['Swift Swim', 'Water Veil']",Sea Weasel Pokémon,water,,105,85,55,115,33.5,1.1,4,70,75,1000000,419,85,50,0
Shellos,"['Sticky Hold', 'Storm Drain', 'Sand Force']",Sea Slug Pokémon,water,,48,76,48,34,6.3,0.3,4,70,190,1000000,422,57,62,0
Finneon,"['Swift Swim', 'Storm Drain', 'Water Veil']",Wing Fish Pokémon,water,,49,49,56,66,7,0.4,4,70,190,600000,456,49,61,0
Lumineon,"['Swift Swim', 'Storm Drain', 'Water Veil']",Neon Pokémon,water,,69,69,76,91,24,1.2,4,70,75,600000,457,69,86,0
Phione,['Hydration'],Sea Drifter Pokémon,water,,80,80,80,80,3.1,0.4,4,70,30,1250000,489,80,80,0
Manaphy,['Hydration'],Seafaring Pokémon,water,,100,100,100,100,1.4,0.3,4,70,3,1250000,490,100,100,1
Oshawott,"['Torrent', 'Shell Armor']",Sea Otter Pokémon,water,,55,55,45,45,5.9,0.5,5,70,45,1059860,501,63,45,0
Dewott,"['Torrent', 'Shell Armor']",Discipline Pokémon,water,,75,75,60,60,24.5,0.8,5,70,45,1059860,502,83,60,0
Samurott,"['Torrent', 'Shell Armor']",Formidable Pokémon,water,,100,95,85,70,94.6,1.5,5,70,45,1059860,503,108,70,0
Panpour,"['Gluttony', 'Torrent']",Spray Pokémon,water,,53,50,48,64,13.5,0.6,5,70,190,1000000,515,53,48,0
Simipour,"['Gluttony', 'Torrent']",Geyser Pokémon,water,,98,75,63,101,29,1,5,70,75,1000000,516,98,63,0
Tympole,"['Swift Swim', 'Hydration', 'Water Absorb']",Tadpole Pokémon,water,,50,50,40,64,4.5,0.5,5,70,255,1059860,535,50,40,0
Basculin,"['Reckless', 'Rock Head', 'Adaptability', 'Mold Breaker']",Hostile Pokémon,water,,92,70,65,98,18,1,5,70,25,1000000,550,80,55,0
Alomomola,"['Healer', 'Hydration', 'Regenerator']",Caring Pokémon,water,,75,165,80,65,31.6,1.2,5,70,75,800000,594,40,45,0
Froakie,"['Torrent', 'Protean']",Bubble Frog Pokémon,water,,56,41,40,71,7,0.3,6,70,45,1059860,656,62,44,0
Frogadier,"['Torrent', 'Protean']",Bubble Frog Pokémon,water,,63,54,52,97,10.9,0.6,6,70,45,1059860,657,83,56,0
Clauncher,['Mega Launcher'],Water Gun Pokémon,water,,53,50,62,44,8.3,0.5,6,70,225,1250000,692,58,63,0
Clawitzer,['Mega Launcher'],Howitzer Pokémon,water,,73,71,88,59,35.3,1.3,6,70,55,1250000,693,120,89,0
Popplio,"['Torrent', 'Liquid Voice']",Sea Lion Pokémon,water,,54,50,54,40,7.5,0.4,7,70,45,1059860,728,66,56,0
Brionne,"['Torrent', 'Liquid Voice']",Pop Star Pokémon,water,,69,60,69,50,17.5,0.6,7,70,45,1059860,729,91,81,0
Wishiwashi,['Schooling'],Small Fry Pokémon,water,,140,45,130,30,0.3,0.2,7,70,60,800000,746,140,135,0
Pyukumuku,"['Innards Out', 'Unaware']",Sea Cucumber Pokémon,water,,60,55,130,5,1.2,0.3,7,70,60,800000,771,30,130,0
Dratini,"['Shed Skin', 'Marvel Scale']",Dragon Pokémon,dragon,,64,41,45,50,3.3,1.8,1,35,45,1250000,147,50,50,0
Dragonair,"['Shed Skin', 'Marvel Scale']",Dragon Pokémon,dragon,,84,61,65,70,16.5,4,1,35,45,1250000,148,70,70,0
Bagon,"['Rock Head', 'Sheer Force']",Rock Head Pokémon,dragon,,75,45,60,50,42.1,0.6,3,35,45,1250000,371,40,30,0
Shelgon,"['Rock Head', 'Overcoat']",Endurance Pokémon,dragon,,95,65,100,50,110.5,1.1,3,35,45,1250000,372,60,50,0
Axew,"['Rivalry', 'Mold Breaker', 'Unnerve']",Tusk Pokémon,dragon,,87,46,60,57,18,0.6,5,35,75,1250000,610,30,40,0
Fraxure,"['Rivalry', 'Mold Breaker', 'Unnerve']",Axe Jaw Pokémon,dragon,,117,66,70,67,36,1,5,35,60,1250000,611,40,50,0
Haxorus,"['Rivalry', 'Mold Breaker', 'Unnerve']",Axe Jaw Pokémon,dragon,,147,76,90,97,105.5,1.8,5,35,45,1250000,612,60,70,0
Druddigon,"['Rough Skin', 'Sheer Force', 'Mold Breaker']",Cave Pokémon,dragon,,120,77,90,48,139,1.6,5,70,45,1000000,621,60,90,0
Goomy,"['Sap Sipper', 'Hydration', 'Gooey']",Soft Tissue Pokémon,dragon,,50,45,35,40,2.8,0.3,6,35,45,1250000,704,55,75,0
Sliggoo,"['Sap Sipper', 'Hydration', 'Gooey']",Soft Tissue Pokémon,dragon,,75,68,53,60,17.5,0.8,6,35,45,1250000,705,83,113,0
Goodra,"['Sap Sipper', 'Hydration', 'Gooey']",Dragon Pokémon,dragon,,100,90,70,80,150.5,2,6,35,45,1250000,706,110,150,0
Jangmo-o,"['Bulletproof', 'Soundproof', 'Overcoat']",Scaly Pokémon,dragon,,55,45,65,45,29.7,0.6,7,70,45,1250000,782,45,45,0
Cubone,"['Rock Head', 'Lightningrod', 'Battle Armor']",Lonely Pokémon,ground,,50,50,95,35,6.5,0.4,1,70,190,1000000,104,40,50,0
Phanpy,"['Pickup', 'Sand Veil']",Long Nose Pokémon,ground,,60,90,60,40,33.5,0.5,2,70,120,1000000,231,40,40,0
Donphan,"['Sturdy', 'Sand Veil']",Armor Pokémon,ground,,120,90,120,50,120,1.1,2,70,60,1000000,232,60,60,0
Trapinch,"['Hyper Cutter', 'Arena Trap', 'Sheer Force']",Ant Pit Pokémon,ground,,100,45,45,10,15,0.7,3,70,255,1059860,328,45,45,0
Groudon,['Drought'],Continent Pokémon,ground,,180,100,160,90,950,3.5,3,0,3,1250000,383,150,90,1
Hippopotas,"['Sand Stream', 'Sand Force']",Hippo Pokémon,ground,,72,68,78,32,49.5,0.8,4,70,140,1250000,449,38,42,0
Hippowdon,"['Sand Stream', 'Sand Force']",Heavyweight Pokémon,ground,,112,108,118,47,300,2,4,70,60,1250000,450,68,72,0
Drilbur,"['Sand Rush', 'Sand Force', 'Mold Breaker']",Mole Pokémon,ground,,85,60,40,68,8.5,0.3,5,70,120,1000000,529,30,45,0
Mudbray,"['Own Tempo', 'Stamina', 'Inner Focus']",Donkey Pokémon,ground,,100,70,70,45,110,1,7,70,190,1000000,749,45,55,0
Mudsdale,"['Own Tempo', 'Stamina', 'Inner Focus']",Draft Horse Pokémon,ground,,125,100,100,35,920,2.5,7,70,60,1000000,750,55,85,0
Lickitung,"['Own Tempo', 'Oblivious', 'Cloud Nine']",Licking Pokémon,normal,,55,90,75,30,65.5,1.2,1,70,45,1000000,108,60,75,0
Chansey,"['Natural Cure', 'Serene Grace', 'Healer']",Egg Pokémon,normal,,5,250,5,50,34.6,1.1,1,140,30,800000,113,35,105,0
Kangaskhan,"['Early Bird', 'Scrappy', 'Inner Focus']",Parent Pokémon,normal,,125,105,100,100,80,2.2,1,70,45,1000000,115,60,100,0
Tauros,"['Intimidate', 'Anger Point', 'Sheer Force']",Wild Bull Pokémon,normal,,100,75,95,110,88.4,1.4,1,70,45,1250000,128,40,70,0
Ditto,"['Limber', 'Imposter']",Transform Pokémon,normal,,48,48,48,48,4,0.3,1,70,35,1000000,132,48,48,0
Eevee,"['Run Away', 'Adaptability', 'Anticipation']",Evolution Pokémon,normal,,55,55,50,55,6.5,0.3,1,70,45,1000000,133,45,65,0
Porygon,"['Trace', 'Download', 'Analytic']",Virtual Pokémon,normal,,60,65,70,40,36.5,0.8,1,70,45,1000000,137,85,75,0
Snorlax,"['Immunity', 'Thick Fat', 'Gluttony']",Sleeping Pokémon,normal,,110,160,65,30,460,2.1,1,70,25,1250000,143,65,110,0
Sentret,"['Run Away', 'Keen Eye', 'Frisk']",Scout Pokémon,normal,,46,35,34,20,6,0.8,2,70,255,1000000,161,35,45,0
Furret,"['Run Away', 'Keen Eye', 'Frisk']",Long Body Pokémon,normal,,76,85,64,90,32.5,1.8,2,70,90,1000000,162,45,55,0
Aipom,"['Run Away', 'Pickup', 'Skill Link']",Long Tail Pokémon,normal,,70,55,55,85,11.5,0.8,2,70,45,800000,190,40,55,0
Dunsparce,"['Serene Grace', 'Run Away', 'Rattled']",Land Snake Pokémon,normal,,70,100,70,45,14,1.5,2,70,190,1000000,206,65,65,0
Teddiursa,"['Pickup', 'Quick Feet', 'Honey Gather']",Little Bear Pokémon,normal,,80,60,50,40,8.8,0.6,2,70,120,1000000,216,50,50,0
Ursaring,"['Guts', 'Quick Feet', 'Unnerve']",Hibernator Pokémon,normal,,130,90,75,55,125.8,1.8,2,70,60,1000000,217,75,75,0
Porygon2,"['Trace', 'Download', 'Analytic']",Virtual Pokémon,normal,,80,85,90,60,32.5,0.6,2,70,45,1000000,233,105,95,0
Stantler,"['Intimidate', 'Frisk', 'Sap Sipper']",Big Horn Pokémon,normal,,95,73,62,85,71.2,1.4,2,70,45,1250000,234,85,65,0
Smeargle,"['Own Tempo', 'Technician', 'Moody']",Painter Pokémon,normal,,20,55,35,75,58,1.2,2,70,45,800000,235,20,45,0
Miltank,"['Thick Fat', 'Scrappy', 'Sap Sipper']",Milk Cow Pokémon,normal,,80,95,105,100,75.5,1.2,2,70,45,1250000,241,40,70,0
Blissey,"['Natural Cure', 'Serene Grace', 'Healer']",Happiness Pokémon,normal,,10,255,10,55,46.8,1.5,2,140,30,800000,242,75,135,0
Zigzagoon,"['Pickup', 'Gluttony', 'Quick Feet']",Tiny Racoon Pokémon,normal,,30,38,41,60,17.5,0.4,3,70,255,1000000,263,30,41,0
Linoone,"['Pickup', 'Gluttony', 'Quick Feet']",Rush Pokémon,normal,,70,78,61,100,32.5,0.5,3,70,90,1000000,264,50,61,0
Slakoth,['Truant'],Slacker Pokémon,normal,,60,60,60,30,24,0.8,3,70,255,1250000,287,35,35,0
Vigoroth,['Vital Spirit'],Wild Monkey Pokémon,normal,,80,80,80,90,46.5,1.4,3,70,120,1250000,288,55,55,0
Slaking,['Truant'],Lazy Pokémon,normal,,160,150,100,100,130.5,2,3,70,45,1250000,289,95,65,0
Whismur,"['Soundproof', 'Rattled']",Whisper Pokémon,normal,,51,64,23,28,16.3,0.6,3,70,190,1059860,293,51,23,0
Loudred,"['Soundproof', 'Scrappy']",Big Voice Pokémon,normal,,71,84,43,48,40.5,1,3,70,120,1059860,294,71,43,0
Exploud,"['Soundproof', 'Scrappy']",Loud Noise Pokémon,normal,,91,104,63,68,84,1.5,3,70,45,1059860,295,91,73,0
Skitty,"['Cute Charm', 'Normalize', 'Wonder Skin ']",Kitten Pokémon,normal,,45,50,45,50,11,0.6,3,70,255,800000,300,35,35,0
Delcatty,"['Cute Charm', 'Normalize', 'Wonder Skin ']",Prim Pokémon,normal,,65,70,65,90,32.6,1.1,3,70,60,800000,301,55,55,0
Spinda,"['Own Tempo', 'Tangled Feet', 'Contrary']",Spot Panda Pokémon,normal,,60,60,60,60,5,1.1,3,70,255,800000,327,60,60,0
Zangoose,"['Immunity', 'Toxic Boost']",Cat Ferret Pokémon,normal,,115,73,60,90,40.3,1.3,3,70,90,600000,335,60,60,0
Castform,['Forecast'],Weather Pokémon,normal,,70,70,70,70,0.8,0.3,3,70,45,1000000,351,70,70,0
Kecleon,"['Color Change', 'Protean']",Color Swap Pokémon,normal,,90,60,70,40,22,1,3,70,200,1059860,352,60,120,0
Bidoof,"['Simple', 'Unaware', 'Moody']",Plump Mouse Pokémon,normal,,45,59,40,31,20,0.5,4,70,255,1000000,399,35,40,0
Ambipom,"['Technician', 'Pickup', 'Skill Link']",Long Tail Pokémon,normal,,100,75,66,115,20.3,1.2,4,100,45,800000,424,60,66,0
Buneary,"['Run Away', 'Klutz', 'Limber']",Rabbit Pokémon,normal,,66,55,44,85,5.5,0.4,4,0,190,1000000,427,44,56,0
Lopunny,"['Cute Charm', 'Klutz', 'Limber']",Rabbit Pokémon,normal,,136,65,94,135,33.3,1.2,4,140,60,1000000,428,54,96,0
Glameow,"['Limber', 'Own Tempo', 'Keen Eye']",Catty Pokémon,normal,,55,49,42,85,3.9,0.5,4,70,190,800000,431,42,37,0
Purugly,"['Thick Fat', 'Own Tempo', 'Defiant']",Tiger Cat Pokémon,normal,,82,71,64,112,43.8,1,4,70,75,800000,432,64,59,0
Happiny,"['Natural Cure', 'Serene Grace', 'Friend Guard']",Playhouse Pokémon,normal,,5,100,5,30,24.4,0.6,4,140,130,800000,440,15,65,0
Munchlax,"['Pickup', 'Thick Fat', 'Gluttony']",Big Eater Pokémon,normal,,85,135,40,5,105,0.6,4,70,50,1250000,446,40,85,0
Lickilicky,"['Own Tempo', 'Oblivious', 'Cloud Nine']",Licking Pokémon,normal,,85,110,95,50,140,1.7,4,70,30,1000000,463,80,95,0
Porygon-Z,"['Adaptability', 'Download', 'Analytic']",Virtual Pokémon,normal,,80,85,70,90,34,0.9,4,70,30,1000000,474,135,75,0
Regigigas,['Slow Start'],Colossal Pokémon,normal,,160,110,110,100,420,3.7,4,0,3,1250000,486,80,110,1
Arceus,['Multitype'],Alpha Pokémon,normal,,120,120,120,120,320,3.2,4,0,3,1250000,493,120,120,1
Patrat,"['Run Away', 'Keen Eye', 'Analytic']",Scout Pokémon,normal,,55,45,39,42,11.6,0.5,5,70,255,1000000,504,35,39,0
Watchog,"['Illuminate', 'Keen Eye', 'Analytic']",Lookout Pokémon,normal,,85,60,69,77,27,1.1,5,70,255,1000000,505,60,69,0
Lillipup,"['Vital Spirit', 'Pickup', 'Run Away']",Puppy Pokémon,normal,,60,45,45,55,4.1,0.4,5,70,255,1059860,506,25,45,0
Herdier,"['Intimidate', 'Sand Rush', 'Scrappy']",Loyal Dog Pokémon,normal,,80,65,65,60,14.7,0.9,5,70,120,1059860,507,35,65,0
Stoutland,"['Intimidate', 'Sand Rush', 'Scrappy']",Big-Hearted Pokémon,normal,,110,85,90,80,61,1.2,5,70,45,1059860,508,45,90,0
Audino,"['Healer', 'Regenerator', 'Klutz']",Hearing Pokémon,normal,,60,103,126,50,31,1.1,5,70,255,800000,531,80,126,0
Minccino,"['Cute Charm', 'Technician', 'Skill Link']",Chinchilla Pokémon,normal,,50,55,40,75,5.8,0.4,5,70,255,800000,572,40,40,0
Cinccino,"['Cute Charm', 'Technician', 'Skill Link']",Scarf Pokémon,normal,,95,75,60,115,7.5,0.5,5,70,60,800000,573,65,60,0
Bouffalant,"['Reckless', 'Sap Sipper', 'Soundproof']",Bash Buffalo Pokémon,normal,,110,95,95,55,94.6,1.6,5,70,45,1000000,626,40,95,0
Bunnelby,"['Pickup', 'Cheek Pouch', 'Huge Power']",Digging Pokémon,normal,,36,38,38,57,5,0.4,6,70,255,1000000,659,32,36,0
Furfrou,['Fur Coat'],Poodle Pokémon,normal,,80,75,60,102,28,1.2,6,70,160,1000000,676,65,90,0
Yungoos,"['Stakeout', 'Strong Jaw', 'Adaptability']",Loitering Pokémon,normal,,70,48,30,45,6,0.4,7,70,255,1000000,734,30,30,0
Gumshoos,"['Stakeout', 'Strong Jaw', 'Adaptability']",Stakeout Pokémon,normal,,110,88,60,45,14.2,0.7,7,70,127,1000000,735,55,60,0
Type: Null,['Battle Armor'],Synthetic Pokémon,normal,,95,95,95,59,120.5,1.9,7,0,3,1250000,772,95,95,0
Silvally,['RKS System'],Synthetic Pokémon,normal,,95,95,95,95,100.5,2.3,7,0,3,1250000,773,95,95,0
Komala,['Comatose'],Drowsing Pokémon,normal,,115,65,65,65,19.9,0.4,7,70,45,1250000,775,75,95,0
Ekans,"['Intimidate', 'Shed Skin', 'Unnerve']",Snake Pokémon,poison,,60,35,44,55,6.9,2,1,70,255,1000000,23,40,54,0
Arbok,"['Intimidate', 'Shed Skin', 'Unnerve']",Cobra Pokémon,poison,,95,60,69,80,65,3.5,1,70,90,1000000,24,65,79,0
Nidoran♀,"['Poison Point', 'Rivalry', 'Hustle']",Poison Pin Pokémon,poison,,47,55,52,41,7,0.4,1,70,235,1059860,29,40,40,0
Nidorina,"['Poison Point', 'Rivalry', 'Hustle']",Poison Pin Pokémon,poison,,62,70,67,56,20,0.8,1,70,120,1059860,30,55,55,0
Nidoran♂,"['Poison Point', 'Rivalry', 'Hustle']",Poison Pin Pokémon,poison,,57,46,40,50,9,0.5,1,70,235,1059860,32,40,40,0
Nidorino,"['Poison Point', 'Rivalry', 'Hustle']",Poison Pin Pokémon,poison,,72,61,57,65,19.5,0.9,1,70,120,1059860,33,55,55,0
Koffing,['Levitate'],Poison Gas Pokémon,poison,,65,40,95,35,1,0.6,1,70,190,1000000,109,60,45,0
Weezing,['Levitate'],Poison Gas Pokémon,poison,,90,65,120,60,9.5,1.2,1,70,60,1000000,110,85,70,0
Gulpin,"['Liquid Ooze', 'Sticky Hold', 'Gluttony']",Stomach Pokémon,poison,,43,70,53,40,10.3,0.4,3,70,225,1640000,316,43,53,0
Swalot,"['Liquid Ooze', 'Sticky Hold', 'Gluttony']",Poison Bag Pokémon,poison,,73,100,83,55,80,1.7,3,70,75,1640000,317,73,83,0
Seviper,"['Shed Skin', 'Infiltrator']",Fang Snake Pokémon,poison,,100,73,60,65,52.5,2.7,3,70,90,1640000,336,100,60,0
Trubbish,"['Stench', 'Sticky Hold', 'Aftermath']",Trash Bag Pokémon,poison,,50,50,62,65,31,0.6,5,70,190,1000000,568,40,62,0
Garbodor,"['Stench', 'Weak Armor', 'Aftermath']",Trash Heap Pokémon,poison,,95,80,82,75,107.3,1.9,5,70,60,1000000,569,60,82,0
Abra,"['Synchronize', 'Inner Focus', 'Magic Guard']",Psi Pokémon,psychic,,20,25,15,90,19.5,0.9,1,70,200,1059860,63,105,55,0
Kadabra,"['Synchronize', 'Inner Focus', 'Magic Guard']",Psi Pokémon,psychic,,35,40,30,105,56.5,1.3,1,70,100,1059860,64,120,70,0
Alakazam,"['Synchronize', 'Inner Focus', 'Magic Guard']",Psi Pokémon,psychic,,50,55,65,150,48,1.5,1,70,50,1059860,65,175,105,0
Drowzee,"['Insomnia', 'Forewarn', 'Inner Focus']",Hypnosis Pokémon,psychic,,48,60,45,42,32.4,1,1,70,190,1000000,96,43,90,0
Hypno,"['Insomnia', 'Forewarn', 'Inner Focus']",Hypnosis Pokémon,psychic,,73,85,70,67,75.6,1.6,1,70,75,1000000,97,73,115,0
Mewtwo,"['Pressure', 'Unnerve']",Genetic Pokémon,psychic,,150,106,70,140,122,2,1,0,3,1250000,150,194,120,1
Mew,['Synchronize'],New Species Pokémon,psychic,,100,100,100,100,4,0.4,1,100,45,1059860,151,100,100,1
Espeon,"['Synchronize', 'Magic Bounce']",Sun Pokémon,psychic,,65,65,60,110,26.5,0.9,2,70,45,1000000,196,130,95,0
Unown,['Levitate'],Symbol Pokémon,psychic,,72,48,48,48,5,0.5,2,70,225,1000000,201,72,48,0
Wobbuffet,"['Shadow Tag', 'Telepathy']",Patient Pokémon,psychic,,33,190,58,33,28.5,1.3,2,70,45,1000000,202,33,58,0
Spoink,"['Thick Fat', 'Own Tempo', 'Gluttony']",Bounce Pokémon,psychic,,25,60,35,60,30.6,0.7,3,70,255,800000,325,70,80,0
Grumpig,"['Thick Fat', 'Own Tempo', 'Gluttony']",Manipulate Pokémon,psychic,,45,80,65,80,71.5,0.9,3,70,60,800000,326,90,110,0
Chimecho,['Levitate'],Wind Chime Pokémon,psychic,,50,75,80,65,1,0.6,3,70,45,800000,358,95,90,0
Wynaut,"['Shadow Tag', 'Telepathy']",Bright Pokémon,psychic,,23,95,48,23,14,0.6,3,70,125,1000000,360,23,48,0
Deoxys,['Pressure'],DNA Pokémon,psychic,,95,50,90,180,60.8,1.7,3,0,3,1250000,386,95,90,1
Chingling,['Levitate'],Bell Pokémon,psychic,,30,45,50,45,0.6,0.2,4,70,120,800000,433,65,50,0
Uxie,['Levitate'],Knowledge Pokémon,psychic,,75,75,130,95,0.3,0.3,4,140,3,1250000,480,75,130,1
Mesprit,['Levitate'],Emotion Pokémon,psychic,,105,80,105,80,0.3,0.3,4,140,3,1250000,481,105,105,1
Azelf,['Levitate'],Willpower Pokémon,psychic,,125,75,70,115,0.3,0.3,4,140,3,1250000,482,125,70,1
Cresselia,['Levitate'],Lunar Pokémon,psychic,,70,120,120,85,85.6,1.5,4,100,3,1250000,488,75,130,1
Munna,"['Forewarn', 'Synchronize', 'Telepathy']",Dream Eater Pokémon,psychic,,25,76,45,24,23.3,0.6,5,70,190,800000,517,67,55,0
Musharna,"['Forewarn', 'Synchronize', 'Telepathy']",Drowsing Pokémon,psychic,,55,116,85,29,60.5,1.1,5,70,75,800000,518,107,95,0
Gothita,"['Frisk', 'Competitive', 'Shadow Tag']",Fixation Pokémon,psychic,,30,45,50,45,5.8,0.4,5,70,200,1059860,574,55,65,0
Gothorita,"['Frisk', 'Competitive', 'Shadow Tag']",Manipulate Pokémon,psychic,,45,60,70,55,18,0.7,5,70,100,1059860,575,75,85,0
Gothitelle,"['Frisk', 'Competitive', 'Shadow Tag']",Astral Body Pokémon,psychic,,55,70,95,65,44,1.5,5,70,50,1059860,576,95,110,0
Solosis,"['Overcoat', 'Magic Guard', 'Regenerator']",Cell Pokémon,psychic,,30,45,40,20,1,0.3,5,70,200,1059860,577,105,50,0
Duosion,"['Overcoat', 'Magic Guard', 'Regenerator']",Mitosis Pokémon,psychic,,40,65,50,30,8,0.6,5,70,100,1059860,578,125,60,0
Reuniclus,"['Overcoat', 'Magic Guard', 'Regenerator']",Multiplying Pokémon,psychic,,65,110,75,30,20.1,1,5,70,50,1059860,579,125,85,0
Elgyem,"['Telepathy', 'Synchronize', 'Analytic']",Cerebral Pokémon,psychic,,55,55,55,30,9,0.5,5,70,255,1000000,605,85,55,0
Beheeyem,"['Telepathy', 'Synchronize', 'Analytic']",Cerebral Pokémon,psychic,,75,75,75,40,34.5,1,5,70,90,1000000,606,125,95,0
Espurr,"['Keen Eye', 'Infiltrator', 'Own Tempo']",Restraint Pokémon,psychic,,48,62,54,68,3.5,0.3,6,70,190,1000000,677,63,60,0
Meowstic,"['Keen Eye', 'Infiltrator', 'Prankster', 'Competitive']",Constraint Pokémon,psychic,,48,74,76,104,8.5,0.6,6,70,75,1000000,678,83,81,0
Cosmog,['Unaware'],Nebula Pokémon,psychic,,29,43,31,37,0.1,0.2,7,0,45,1250000,789,29,31,1
Cosmoem,['Sturdy'],Protostar Pokémon,psychic,,29,43,131,37,999.9,0.1,7,0,45,1250000,790,29,131,1
Necrozma,['Prism Armor'],Prism Pokémon,psychic,,107,97,101,79,230,2.4,7,0,3,1250000,800,127,89,1
Pikachu,"['Static', 'Lightningrod']",Mouse Pokémon,electric,,55,35,40,90,6,0.4,1,70,190,1000000,25,50,50,0
Voltorb,"['Soundproof', 'Static', 'Aftermath']",Ball Pokémon,electric,,30,40,50,100,10.4,0.5,1,70,190,1000000,100,55,55,0
Electrode,"['Soundproof', 'Static', 'Aftermath']",Ball Pokémon,electric,,50,60,70,150,66.6,1.2,1,70,60,1000000,101,80,80,0
Electabuzz,"['Static', 'Vital Spirit']",Electric Pokémon,electric,,83,65,57,105,30,1.1,1,70,45,1000000,125,95,85,0
Jolteon,"['Volt Absorb', 'Quick Feet']",Lightning Pokémon,electric,,65,65,60,130,24.5,0.8,1,70,45,1000000,135,110,95,0
Pichu,"['Static', 'Lightningrod']",Tiny Mouse Pokémon,electric,,40,20,15,60,2,0.3,2,70,190,1000000,172,35,35,0
Mareep,"['Static', 'Plus']",Wool Pokémon,electric,,40,55,40,35,7.8,0.6,2,70,235,1059860,179,65,45,0
Flaaffy,"['Static', 'Plus']",Wool Pokémon,electric,,55,70,55,45,13.3,0.8,2,70,120,1059860,180,80,60,0
Ampharos,"['Static', 'Plus']",Light Pokémon,electric,,95,90,105,45,61.5,1.4,2,70,45,1059860,181,165,110,0
Elekid,"['Static', 'Vital Spirit']",Electric Pokémon,electric,,63,45,37,95,23.5,0.6,2,70,45,1000000,239,65,55,0
Raikou,"['Pressure', 'Inner Focus']",Thunder Pokémon,electric,,85,90,75,115,178,1.9,2,35,3,1250000,243,115,100,1
Electrike,"['Static', 'Lightningrod', 'Minus']",Lightning Pokémon,electric,,45,40,40,65,15.2,0.6,3,70,120,1250000,309,65,40,0
Manectric,"['Static', 'Lightningrod', 'Minus']",Discharge Pokémon,electric,,75,70,80,135,40.2,1.5,3,70,45,1250000,310,135,80,0
Plusle,"['Plus', 'Lightningrod']",Cheering Pokémon,electric,,50,60,40,95,4.2,0.4,3,70,200,1000000,311,85,75,0
Minun,"['Minus', 'Volt Absorb']",Cheering Pokémon,electric,,40,60,50,95,4.2,0.4,3,70,200,1000000,312,75,85,0
Shinx,"['Rivalry', 'Intimidate', 'Guts']",Flash Pokémon,electric,,65,45,34,45,9.5,0.5,4,70,235,1059860,403,40,34,0
Luxio,"['Rivalry', 'Intimidate', 'Guts']",Spark Pokémon,electric,,85,60,49,60,30.5,0.9,4,100,120,1059860,404,60,49,0
Luxray,"['Rivalry', 'Intimidate', 'Guts']",Gleam Eyes Pokémon,electric,,120,80,79,70,42,1.4,4,70,45,1059860,405,95,79,0
Pachirisu,"['Run Away', 'Pickup', 'Volt Absorb']",EleSquirrel Pokémon,electric,,45,60,70,95,3.9,0.4,4,100,200,1000000,417,45,90,0
Electivire,"['Motor Drive', 'Vital Spirit']",Thunderbolt Pokémon,electric,,123,75,67,95,138.6,1.8,4,70,30,1000000,466,95,85,0
Blitzle,"['Lightningrod', 'Motor Drive', 'Sap Sipper']",Electrified Pokémon,electric,,60,45,32,76,29.8,0.8,5,70,190,1000000,522,50,32,0
Zebstrika,"['Lightningrod', 'Motor Drive', 'Sap Sipper']",Thunderbolt Pokémon,electric,,100,75,63,116,79.5,1.6,5,70,75,1000000,523,80,63,0
Tynamo,['Levitate'],EleFish Pokémon,electric,,55,35,40,60,0.3,0.2,5,70,190,1250000,602,45,40,0
Eelektrik,['Levitate'],EleFish Pokémon,electric,,85,65,70,40,22,1.2,5,70,60,1250000,603,75,70,0
Eelektross,['Levitate'],EleFish Pokémon,electric,,115,85,80,50,80.5,2.1,5,70,30,1250000,604,105,80,0
Xurkitree,['Beast Boost'],Glowing Pokémon,electric,,89,83,71,83,100,3.8,7,0,30,1250000,796,173,71,1
Mankey,"['Vital Spirit', 'Anger Point', 'Defiant']",Pig Monkey Pokémon,fighting,,80,40,35,70,28,0.5,1,70,190,1000000,56,35,45,0
Primeape,"['Vital Spirit', 'Anger Point', 'Defiant']",Pig Monkey Pokémon,fighting,,105,65,60,95,32,1,1,70,75,1000000,57,60,70,0
Machop,"['Guts', 'No Guard', 'Steadfast']",Superpower Pokémon,fighting,,80,70,50,35,19.5,0.8,1,70,180,1059860,66,35,35,0
Machoke,"['Guts', 'No Guard', 'Steadfast']",Superpower Pokémon,fighting,,100,80,70,45,70.5,1.5,1,70,90,1059860,67,50,60,0
Machamp,"['Guts', 'No Guard', 'Steadfast']",Superpower Pokémon,fighting,,130,90,80,55,130,1.6,1,70,45,1059860,68,65,85,0
Hitmonlee,"['Limber', 'Reckless', 'Unburden']",Kicking Pokémon,fighting,,120,50,53,87,49.8,1.5,1,70,45,1000000,106,35,110,0
Hitmonchan,"['Keen Eye', 'Iron Fist', 'Inner Focus']",Punching Pokémon,fighting,,105,50,79,76,50.2,1.4,1,70,45,1000000,107,35,110,0
Tyrogue,"['Guts', 'Steadfast', 'Vital Spirit']",Scuffle Pokémon,fighting,,35,35,35,35,21,0.7,2,70,75,1000000,236,35,35,0
Hitmontop,"['Intimidate', 'Technician', 'Steadfast']",Handstand Pokémon,fighting,,95,50,95,70,48,1.4,2,70,45,1000000,237,35,110,0
Makuhita,"['Thick Fat', 'Guts', 'Sheer Force']",Guts Pokémon,fighting,,60,72,30,25,86.4,1,3,70,180,1640000,296,20,30,0
Hariyama,"['Thick Fat', 'Guts', 'Sheer Force']",Arm Thrust Pokémon,fighting,,120,144,60,50,253.8,2.3,3,70,200,1640000,297,40,60,0
Riolu,"['Steadfast', 'Inner Focus', 'Prankster']",Emanation Pokémon,fighting,,70,40,40,60,20.2,0.7,4,70,75,1059860,447,35,40,0
Timburr,"['Guts', 'Sheer Force', 'Iron Fist']",Muscular Pokémon,fighting,,80,75,55,35,12.5,0.6,5,70,180,1059860,532,25,35,0
Gurdurr,"['Guts', 'Sheer Force', 'Iron Fist']",Muscular Pokémon,fighting,,105,85,85,40,40,1.2,5,70,90,1059860,533,40,50,0
Conkeldurr,"['Guts', 'Sheer Force', 'Iron Fist']",Muscular Pokémon,fighting,,140,105,95,45,87,1.4,5,70,45,1059860,534,55,65,0
Throh,"['Guts', 'Inner Focus', 'Mold Breaker']",Judo Pokémon,fighting,,100,120,85,45,55.5,1.3,5,70,45,1000000,538,30,85,0
Sawk,"['Sturdy', 'Inner Focus', 'Mold Breaker']",Karate Pokémon,fighting,,125,75,75,85,51,1.4,5,70,45,1000000,539,30,75,0
Mienfoo,"['Inner Focus', 'Regenerator', 'Reckless']",Martial Arts Pokémon,fighting,,85,45,50,65,20,0.9,5,70,180,1059860,619,55,50,0
Mienshao,"['Inner Focus', 'Regenerator', 'Reckless']",Martial Arts Pokémon,fighting,,125,65,60,105,35.5,1.4,5,70,45,1059860,620,95,60,0
Pancham,"['Iron Fist', 'Mold Breaker', 'Scrappy']",Playful Pokémon,fighting,,82,67,62,43,8,0.6,6,70,220,1000000,674,46,48,0
Crabrawler,"['Hyper Cutter', 'Iron Fist', 'Anger Point']",Boxing Pokémon,fighting,,82,47,57,63,7,0.6,7,70,225,1000000,739,42,47,0
Passimian,"['Receiver', 'Defiant']",Teamwork Pokémon,fighting,,120,100,90,80,82.8,2,7,70,45,1250000,766,40,60,0
Anorith,"['Battle Armor', 'Swift Swim']",Old Shrimp Pokémon,rock,bug,95,45,50,75,12.5,0.7,3,70,45,600000,347,40,50,0
Armaldo,"['Battle Armor', 'Swift Swim']",Plate Pokémon,rock,bug,125,75,100,45,68.2,1.5,3,70,45,600000,348,70,80,0
Dewpider,"['Water Bubble', 'Water Absorb']",Water Bubble Pokémon,water,bug,40,38,52,27,4,0.3,7,70,200,1000000,751,40,72,0
Araquanid,"['Water Bubble', 'Water Absorb']",Water Bubble Pokémon,water,bug,70,68,92,42,82,1.8,7,70,100,1000000,752,50,132,0
Skorupi,"['Battle Armor', 'Sniper', 'Keen Eye']",Scorpion Pokémon,poison,bug,50,40,90,65,12,0.8,4,70,120,1250000,451,30,55,0
Sneasel,"['Inner Focus', 'Keen Eye', 'Pickpocket']",Sharp Claw Pokémon,dark,ice,95,55,55,115,28,0.9,2,35,60,1059860,215,35,75,0
Weavile,"['Pressure', 'Pickpocket']",Sharp Claw Pokémon,dark,ice,120,70,65,125,34,1.1,4,35,45,1059860,461,45,85,0
Vulpix,"['Flash Fire', 'Drought', 'Snow Cloak', 'Snow Warning']",Fox Pokémon,fire,ice,41,38,40,65,,,1,70,190,1000000,37,50,65,0
Ninetales,"['Flash Fire', 'Drought', 'Snow Cloak', 'Snow Warning']",Fox Pokémon,fire,ice,67,73,75,109,,,1,70,75,1000000,38,81,100,0
Amaura,"['Refrigerate', 'Snow Warning']",Tundra Pokémon,rock,ice,59,77,50,46,25.2,1.3,6,70,45,1000000,698,67,63,0
Aurorus,"['Refrigerate', 'Snow Warning']",Tundra Pokémon,rock,ice,77,123,72,58,225,2.7,6,70,45,1000000,699,99,92,0
Snover,"['Snow Warning', 'Soundproof']",Frosted Tree Pokémon,grass,ice,62,60,50,40,50.5,1,4,70,120,1250000,459,62,60,0
Abomasnow,"['Snow Warning', 'Soundproof']",Frosted Tree Pokémon,grass,ice,132,90,105,30,135.5,2.2,4,70,60,1250000,460,132,105,0
Dewgong,"['Thick Fat', 'Hydration', 'Ice Body']",Sea Lion Pokémon,water,ice,70,90,80,70,120,1.7,1,70,75,1000000,87,70,95,0
Cloyster,"['Shell Armor', 'Skill Link', 'Overcoat']",Bivalve Pokémon,water,ice,95,50,180,70,132.5,1.5,1,70,60,1250000,91,85,45,0
Lapras,"['Water Absorb', 'Shell Armor', 'Hydration']",Transport Pokémon,water,ice,85,130,80,60,220,2.5,1,70,45,1250000,131,85,95,0
Kyurem,"['Pressure', 'Teravolt', 'Turboblaze']",Boundary Pokémon,dragon,ice,120,125,90,95,325,3,5,0,3,1250000,646,170,100,1
Sandshrew,"['Sand Veil', 'Sand Rush', 'Snow Cloak', 'Slush Rush']",Mouse Pokémon,ground,ice,75,50,90,40,,,1,70,255,1000000,27,10,35,0
Sandslash,"['Sand Veil', 'Sand Rush', 'Snow Cloak', 'Slush Rush']",Mouse Pokémon,ground,ice,100,75,120,65,,,1,70,90,1000000,28,25,65,0
Crabominable,"['Hyper Cutter', 'Iron Fist', 'Anger Point']",Woolly Crab Pokémon,fighting,ice,132,97,77,43,180,1.7,7,70,60,1000000,740,62,67,0
Incineroar,"['Blaze', 'Intimidate']",Heel Pokémon,fire,dark,115,95,90,60,83,1.8,7,70,45,1059860,727,80,90,0
Tyranitar,"['Sand Stream', 'Unnerve']",Armor Pokémon,rock,dark,164,100,150,71,202,2,2,35,45,1250000,248,95,120,0
Spiritomb,"['Pressure', 'Infiltrator']",Forbidden Pokémon,ghost,dark,92,50,108,35,108,1,4,70,100,1000000,442,92,108,0
Nuzleaf,"['Chlorophyll', 'Early Bird', 'Pickpocket']",Wily Pokémon,grass,dark,70,70,40,60,28,1,3,70,120,1059860,274,60,40,0
Shiftry,"['Chlorophyll', 'Early Bird', 'Pickpocket']",Wickid Pokémon,grass,dark,100,90,60,80,59.6,1.3,3,70,45,1059860,275,90,60,0
Cacturne,"['Sand Veil', 'Water Absorb']",Scarecrow Pokémon,grass,dark,115,70,60,55,77.4,1.3,3,35,60,1059860,332,115,60,0
Carvanha,"['Rough Skin', 'Speed Boost']",Savage Pokémon,water,dark,90,45,20,65,20.8,0.8,3,35,225,1250000,318,65,20,0
Sharpedo,"['Rough Skin', 'Speed Boost']",Brutal Pokémon,water,dark,140,70,70,105,88.8,1.8,3,35,60,1250000,319,110,65,0
Crawdaunt,"['Hyper Cutter', 'Shell Armor', 'Adaptability']",Rogue Pokémon,water,dark,120,63,85,55,32.8,1.1,3,70,155,1640000,342,90,55,0
Greninja,"['Torrent', 'Protean', 'Battle Bond']",Ninja Pokémon,water,dark,145,72,67,132,40,1.5,6,70,45,1059860,658,153,71,0
Sandile,"['Intimidate', 'Moxie', 'Anger Point']",Desert Croc Pokémon,ground,dark,72,50,35,65,15.2,0.7,5,70,180,1059860,551,35,35,0
Krokorok,"['Intimidate', 'Moxie', 'Anger Point']",Desert Croc Pokémon,ground,dark,82,60,45,74,33.4,1,5,70,90,1059860,552,45,45,0
Krookodile,"['Intimidate', 'Moxie', 'Anger Point']",Intimidation Pokémon,ground,dark,117,95,80,92,96.3,1.5,5,70,45,1059860,553,65,70,0
Rattata,"['Run Away', 'Guts', 'Hustle', 'Gluttony', 'Hustle', 'Thick Fat']",Mouse Pokémon,normal,dark,56,30,35,72,,,1,70,255,1000000,19,25,35,0
Raticate,"['Run Away', 'Guts', 'Hustle', 'Gluttony', 'Hustle', 'Thick Fat']",Mouse Pokémon,normal,dark,71,75,70,77,,,1,70,127,1000000,20,40,80,0
Meowth,"['Pickup', 'Technician', 'Unnerve', 'Pickup', 'Technician', 'Rattled']",Scratch Cat Pokémon,normal,dark,35,40,35,90,,,1,70,255,1000000,52,50,40,0
Persian,"['Limber', 'Technician', 'Unnerve', 'Fur Coat', 'Technician', 'Rattled']",Classy Cat Pokémon,normal,dark,60,65,60,115,,,1,70,90,1000000,53,75,65,0
Stunky,"['Stench', 'Aftermath', 'Keen Eye']",Skunk Pokémon,poison,dark,63,63,47,74,19.2,0.4,4,70,225,1000000,434,41,41,0
Skuntank,"['Stench', 'Aftermath', 'Keen Eye']",Skunk Pokémon,poison,dark,93,103,67,84,38,1,4,70,60,1000000,435,71,61,0
Drapion,"['Battle Armor', 'Sniper', 'Keen Eye']",Ogre Scorp Pokémon,poison,dark,90,70,110,95,61.5,1.3,4,70,45,1250000,452,60,75,0
Pangoro,"['Iron Fist', 'Mold Breaker', 'Scrappy']",Daunting Pokémon,fighting,dark,124,95,78,58,136,2.1,6,70,65,1000000,675,69,71,0
Larvesta,"['Flame Body', 'Swarm']",Torch Pokémon,bug,fire,85,55,55,60,28.8,1.1,5,70,45,1250000,636,50,55,0
Volcarona,"['Flame Body', 'Swarm']",Sun Pokémon,bug,fire,60,85,65,100,46,1.6,5,70,15,1250000,637,135,105,0
Houndour,"['Early Bird', 'Flash Fire', 'Unnerve']",Dark Pokémon,dark,fire,60,45,30,65,10.8,0.6,2,35,120,1250000,228,80,50,0
Houndoom,"['Early Bird', 'Flash Fire', 'Unnerve']",Dark Pokémon,dark,fire,90,75,90,115,35,1.4,2,35,45,1250000,229,140,90,0
Darmanitan,"['Sheer Force', 'Zen Mode']",Blazing Pokémon,fire,fire,30,105,105,55,92.9,1.3,5,70,60,1059860,555,140,105,0
Litwick,"['Flash Fire', 'Flame Body', 'Infiltrator']",Candle Pokémon,ghost,fire,30,50,55,20,3.1,0.3,5,70,190,1059860,607,65,55,0
Lampent,"['Flash Fire', 'Flame Body', 'Infiltrator']",Lamp Pokémon,ghost,fire,40,60,60,55,13,0.6,5,70,90,1059860,608,95,60,0
Chandelure,"['Flash Fire', 'Flame Body', 'Infiltrator']",Luring Pokémon,ghost,fire,55,60,90,80,34.3,1,5,70,45,1059860,609,145,90,0
Reshiram,['Turboblaze'],Vast White Pokémon,dragon,fire,120,100,100,90,330,3.2,5,0,3,1250000,643,150,120,1
Marowak,"['Rock Head', 'Lightningrod', 'Battle Armor', 'Cursed Body', 'Lightningrod', 'Rock Head']",Bone Keeper Pokémon,ground,fire,80,60,110,45,,,1,70,75,1000000,105,50,80,0
Salandit,"['Corrosion', 'Oblivious']",Toxic Lizard Pokémon,poison,fire,44,48,40,77,4.8,0.6,7,70,120,1000000,757,71,40,0
Salazzle,"['Corrosion', 'Oblivious']",Toxic Lizard Pokémon,poison,fire,64,68,60,117,22.2,1.2,7,70,45,1000000,758,111,60,0
Victini,['Victory Star'],Victory Pokémon,psychic,fire,100,100,100,100,4,0.4,5,100,3,1250000,494,100,100,1
Shuckle,"['Sturdy', 'Gluttony', 'Contrary']",Mold Pokémon,bug,rock,10,20,230,5,20.5,0.6,2,70,190,1059860,213,10,230,0
Dwebble,"['Sturdy', 'Shell Armor', 'Weak Armor']",Rock Inn Pokémon,bug,rock,65,50,85,55,14.5,0.3,5,70,190,1000000,557,35,35,0
Crustle,"['Sturdy', 'Shell Armor', 'Weak Armor']",Stone Home Pokémon,bug,rock,105,70,125,45,200,1.4,5,70,75,1000000,558,65,75,0
Magcargo,"['Magma Armor', 'Flame Body', 'Weak Armor']",Lava Pokémon,fire,rock,50,60,120,30,55,0.8,2,70,75,1000000,219,90,80,0
Aron,"['Sturdy', 'Rock Head', 'Heavy Metal']",Iron Armor Pokémon,steel,rock,70,50,100,30,60,0.4,3,35,180,1250000,304,40,40,0
Lairon,"['Sturdy', 'Rock Head', 'Heavy Metal']",Iron Armor Pokémon,steel,rock,90,60,140,40,120,0.9,3,35,90,1250000,305,50,50,0
Aggron,"['Sturdy', 'Rock Head', 'Heavy Metal']",Iron Armor Pokémon,steel,rock,140,70,230,50,360,2.1,3,35,45,1250000,306,60,80,0
Corsola,"['Hustle', 'Natural Cure', 'Regenerator']",Coral Pokémon,water,rock,55,65,95,35,5,0.6,2,70,60,800000,222,65,95,0
Relicanth,"['Swift Swim', 'Rock Head', 'Sturdy']",Longevity Pokémon,water,rock,90,100,130,55,23.4,1,3,70,25,1250000,369,45,65,0
Tirtouga,"['Solid Rock', 'Sturdy', 'Swift Swim']",Prototurtle Pokémon,water,rock,78,54,103,22,16.5,0.7,5,70,45,1000000,564,53,45,0
Carracosta,"['Solid Rock', 'Sturdy', 'Swift Swim']",Prototurtle Pokémon,water,rock,108,74,133,32,81,1.2,5,70,45,1000000,565,83,65,0
Rhyhorn,"['Lightningrod', 'Rock Head', 'Reckless']",Spikes Pokémon,ground,rock,85,80,95,25,115,1,1,70,120,1250000,111,30,30,0
Rhydon,"['Lightningrod', 'Rock Head', 'Reckless']",Drill Pokémon,ground,rock,130,105,120,40,120,1.9,1,70,60,1250000,112,45,45,0
Rhyperior,"['Lightningrod', 'Solid Rock', 'Reckless']",Drill Pokémon,ground,rock,140,115,130,40,282.8,2.4,4,70,30,1250000,464,55,55,0
Cutiefly,"['Honey Gather', 'Shield Dust', 'Sweet Veil']",Bee Fly Pokémon,bug,fairy,45,40,40,84,0.2,0.1,7,70,190,1000000,742,55,40,0
Ribombee,"['Honey Gather', 'Shield Dust', 'Sweet Veil']",Bee Fly Pokémon,bug,fairy,55,60,60,124,0.5,0.2,7,70,75,1000000,743,95,70,0
Carbink,"['Clear Body', 'Sturdy']",Jewel Pokémon,rock,fairy,50,50,150,50,5.7,0.3,6,70,60,1250000,703,50,150,0
Diancie,['Clear Body'],Jewel Pokémon,rock,fairy,160,50,110,110,8.8,0.7,6,70,3,1250000,719,160,110,1
Mimikyu,['Disguise'],Disguise Pokémon,ghost,fairy,90,55,80,96,0.7,0.2,7,70,45,1000000,778,50,105,0
Cottonee,"['Prankster', 'Infiltrator', 'Chlorophyll']",Cotton Puff Pokémon,grass,fairy,27,40,60,66,0.6,0.3,5,70,190,1000000,546,37,50,0
Whimsicott,"['Prankster', 'Infiltrator', 'Chlorophyll']",Windveiled Pokémon,grass,fairy,67,60,85,116,6.6,0.7,5,70,75,1000000,547,77,75,0
Morelull,"['Illuminate', 'Effect Spore', 'Rain Dish']",Illuminating Pokémon,grass,fairy,35,40,55,15,1.5,0.2,7,70,190,1000000,755,65,75,0
Shiinotic,"['Illuminate', 'Effect Spore', 'Rain Dish']",Illuminating Pokémon,grass,fairy,45,60,80,30,11.5,1,7,70,75,1000000,756,90,100,0
Tapu Bulu,"['Grassy Surge', 'Telepathy']",Land Spirit Pokémon,grass,fairy,130,70,115,75,45.5,1.9,7,70,3,1250000,787,85,95,1
Mawile,"['Hyper Cutter', 'Intimidate', 'Sheer Force']",Deceiver Pokémon,steel,fairy,105,50,125,50,11.5,0.6,3,70,45,800000,303,55,95,0
Klefki,"['Prankster', 'Magician']",Key Ring Pokémon,steel,fairy,80,57,91,75,3,0.2,6,70,75,800000,707,80,87,0
Magearna,['Soul-Heart'],Artificial Pokémon,steel,fairy,95,80,115,65,80.5,1,7,0,3,1250000,801,130,115,1
Marill,"['Thick Fat', 'Huge Power', 'Sap Sipper']",Aquamouse Pokémon,water,fairy,20,70,50,40,8.5,0.4,2,70,190,800000,183,20,50,0
Azumarill,"['Thick Fat', 'Huge Power', 'Sap Sipper']",Aquarabbit Pokémon,water,fairy,50,100,80,50,28.5,0.8,2,70,75,800000,184,60,80,0
Primarina,"['Torrent', 'Liquid Voice']",Soloist Pokémon,water,fairy,74,80,74,60,44,1.8,7,70,45,1059860,730,126,116,0
Tapu Fini,"['Misty Surge', 'Telepathy']",Land Spirit Pokémon,water,fairy,75,70,115,85,21.2,1.3,7,70,3,1250000,788,95,130,1
Jigglypuff,"['Cute Charm', 'Competitive', 'Friend Guard']",Balloon Pokémon,normal,fairy,45,115,20,20,5.5,0.5,1,70,170,800000,39,45,25,0
Wigglytuff,"['Cute Charm', 'Competitive', 'Frisk']",Balloon Pokémon,normal,fairy,70,140,45,45,12,1,1,70,50,800000,40,85,50,0
Igglybuff,"['Cute Charm', 'Competitive', 'Friend Guard']",Balloon Pokémon,normal,fairy,30,90,15,15,1,0.3,2,70,170,800000,174,40,20,0
Azurill,"['Thick Fat', 'Huge Power', 'Sap Sipper']",Polka Dot Pokémon,normal,fairy,20,50,40,20,2,0.2,3,70,150,800000,298,20,40,0
Mr. Mime,"['Soundproof', 'Filter', 'Technician']",Barrier Pokémon,psychic,fairy,45,40,65,90,54.5,1.3,1,70,45,1000000,122,100,120,0
Ralts,"['Synchronize', 'Trace', 'Telepathy']",Feeling Pokémon,psychic,fairy,25,28,25,40,6.6,0.4,3,35,235,1250000,280,45,35,0
Kirlia,"['Synchronize', 'Trace', 'Telepathy']",Emotion Pokémon,psychic,fairy,35,38,35,50,20.2,0.8,3,35,120,1250000,281,65,55,0
Gardevoir,"['Synchronize', 'Trace', 'Telepathy']",Embrace Pokémon,psychic,fairy,85,68,65,100,48.4,1.6,3,35,45,1250000,282,165,135,0
Mime Jr.,"['Soundproof', 'Filter', 'Technician']",Mime Pokémon,psychic,fairy,25,20,45,60,13,0.6,4,70,145,1000000,439,70,90,0
Tapu Lele,"['Psychic Surge', 'Telepathy']",Land Spirit Pokémon,psychic,fairy,85,70,75,95,18.6,1.2,7,70,3,1250000,786,130,115,1
Dedenne,"['Cheek Pouch', 'Pickup', 'Plus']",Antenna Pokémon,electric,fairy,58,67,57,101,2.2,0.2,6,70,180,1000000,702,81,67,0
Tapu Koko,"['Electric Surge', 'Telepathy']",Land Spirit Pokémon,electric,fairy,115,70,85,130,20.5,1.8,7,70,3,1250000,785,95,75,1
Shedinja,['Wonder Guard'],Shed Pokémon,bug,ghost,90,1,45,40,1.2,0.8,3,70,45,600000,292,30,30,0
Froslass,"['Snow Cloak', 'Cursed Body']",Snow Land Pokémon,ice,ghost,80,70,70,110,26.6,1.3,4,70,75,1000000,478,80,70,0
Sableye,"['Keen Eye', 'Stall', 'Prankster']",Darkness Pokémon,dark,ghost,85,50,125,20,11,0.5,3,35,45,1059860,302,85,115,0
Decidueye,"['Overgrow', 'Long Reach']",Arrow Quill Pokémon,grass,ghost,107,78,75,70,36.6,1.6,7,70,45,1059860,724,100,100,0
Honedge,['No Guard'],Sword Pokémon,steel,ghost,80,45,100,28,2,0.8,6,70,180,1000000,679,35,37,0
Doublade,['No Guard'],Sword Pokémon,steel,ghost,110,59,150,35,4.5,0.8,6,70,90,1000000,680,45,49,0
Aegislash,['Stance Change'],Royal Sword Pokémon,steel,ghost,150,60,50,60,53,1.7,6,70,45,1000000,681,150,50,0
Frillish,"['Water Absorb', 'Cursed Body', 'Damp']",Floating Pokémon,water,ghost,40,55,50,40,33,1.2,5,70,190,1000000,592,65,85,0
Jellicent,"['Water Absorb', 'Cursed Body', 'Damp']",Floating Pokémon,water,ghost,60,100,70,60,135,2.2,5,70,60,1000000,593,85,105,0
Golett,"['Iron Fist', 'Klutz', 'No Guard']",Automaton Pokémon,ground,ghost,74,59,50,35,92,1,5,70,190,1000000,622,35,50,0
Golurk,"['Iron Fist', 'Klutz', 'No Guard']",Automaton Pokémon,ground,ghost,124,89,80,55,330,2.8,5,70,90,1000000,623,55,80,0
Hoopa,['Magician'],Mischief Pokémon (Confined)Djinn Pokémonn (Unbound),psychic,ghost,160,80,60,80,,,6,100,3,1250000,720,170,130,1
Lunala,['Shadow Shield'],Moone Pokémon,psychic,ghost,113,137,89,97,120,4,7,0,45,1250000,792,137,107,1
Rotom,['Levitate'],Plasma Pokémon,electric,ghost,65,50,107,86,0.3,0.3,4,70,45,1000000,479,105,107,0
Paras,"['Effect Spore', 'Dry Skin', 'Damp']",Mushroom Pokémon,bug,grass,70,35,55,25,5.4,0.3,1,70,190,1000000,46,45,55,0
Parasect,"['Effect Spore', 'Dry Skin', 'Damp']",Mushroom Pokémon,bug,grass,95,60,80,30,29.5,1,1,70,75,1000000,47,60,80,0
Wormadam,"['Anticipation', 'Overcoat']",Bagworm Pokémon,bug,grass,69,60,95,36,6.5,0.5,4,70,45,1000000,413,69,95,0
Sewaddle,"['Swarm', 'Chlorophyll', 'Overcoat']",Sewing Pokémon,bug,grass,53,45,70,42,2.5,0.3,5,70,255,1059860,540,40,60,0
Swadloon,"['Leaf Guard', 'Chlorophyll', 'Overcoat']",Leaf-Wrapped Pokémon,bug,grass,63,55,90,42,7.3,0.5,5,70,120,1059860,541,50,80,0
Leavanny,"['Swarm', 'Chlorophyll', 'Overcoat']",Nurturing Pokémon,bug,grass,103,75,80,92,20.5,1.2,5,70,45,1059860,542,70,80,0
Lileep,"['Suction Cups', 'Storm Drain']",Sea Lily Pokémon,rock,grass,41,66,77,23,23.8,1,3,70,45,600000,345,61,87,0
Cradily,"['Suction Cups', 'Storm Drain']",Barnacle Pokémon,rock,grass,81,86,97,43,60.4,1.5,3,70,45,600000,346,81,107,0
Phantump,"['Natural Cure', 'Frisk', 'Harvest']",Stump Pokémon,ghost,grass,70,43,48,38,7,0.4,6,70,120,1000000,708,50,60,0
Trevenant,"['Natural Cure', 'Frisk', 'Harvest']",Elder Tree Pokémon,ghost,grass,110,85,76,56,71,1.5,6,70,60,1000000,709,65,82,0
Pumpkaboo,"['Pickup', 'Frisk', 'Insomnia']",Pumpkin Pokémon,ghost,grass,66,59,70,41,15,0.8,6,70,120,1000000,710,44,55,0
Gourgeist,"['Pickup', 'Frisk', 'Insomnia']",Pumpkin Pokémon,ghost,grass,100,85,122,54,39,1.7,6,70,60,1000000,711,58,75,0
Dhelmise,['Steelworker'],Sea Creeper Pokémon,ghost,grass,131,70,100,40,210,3.9,7,70,25,1000000,781,86,90,0
Shaymin,"['Natural Cure', 'Serene Grace']",Gratitude Pokémon,grass,grass,103,100,75,127,2.1,0.2,4,100,45,1059860,492,120,75,1
Lotad,"['Swift Swim', 'Rain Dish', 'Own Tempo']",Water Weed Pokémon,water,grass,30,40,30,30,2.6,0.5,3,70,255,1059860,270,40,50,0
Lombre,"['Swift Swim', 'Rain Dish', 'Own Tempo']",Jolly Pokémon,water,grass,50,60,50,50,32.5,1.2,3,70,120,1059860,271,60,70,0
Ludicolo,"['Swift Swim', 'Rain Dish', 'Own Tempo']",Carefree Pokémon,water,grass,70,80,70,70,55,1.5,3,70,45,1059860,272,90,100,0
Deerling,"['Chlorophyll', 'Sap Sipper', 'Serene Grace']",Season Pokémon,normal,grass,60,60,50,75,19.5,0.6,5,70,190,1000000,585,40,50,0
Sawsbuck,"['Chlorophyll', 'Sap Sipper', 'Serene Grace']",Season Pokémon,normal,grass,100,80,70,95,92.5,1.9,5,70,75,1000000,586,60,70,0
Celebi,['Natural Cure'],Time Travel Pokémon,psychic,grass,100,100,100,100,5,0.6,2,100,45,1059860,251,100,100,1
Forretress,"['Sturdy', 'Overcoat']",Bagworm Pokémon,bug,steel,90,75,140,40,125.8,1.2,2,70,75,1000000,205,60,60,0
Scizor,"['Swarm', 'Technician', 'Light Metal']",Pincer Pokémon,bug,steel,150,70,140,75,118,1.8,2,70,25,1000000,212,65,100,0
Escavalier,"['Swarm', 'Shell Armor', 'Overcoat']",Cavalry Pokémon,bug,steel,135,70,105,20,33,1,5,70,75,1000000,589,60,105,0
Durant,"['Swarm', 'Hustle', 'Truant']",Iron Ant Pokémon,bug,steel,109,58,112,109,33,0.3,5,70,90,1000000,632,48,48,0
Genesect,['Download'],Paleozoic Pokémon,bug,steel,120,71,95,99,82.5,1.5,5,0,3,1250000,649,120,95,1
Pawniard,"['Defiant', 'Inner Focus', 'Pressure']",Sharp Blade Pokémon,dark,steel,85,45,70,60,10.2,0.5,5,35,120,1000000,624,40,40,0
Bisharp,"['Defiant', 'Inner Focus', 'Pressure']",Sword Blade Pokémon,dark,steel,125,65,100,70,70,1.6,5,35,45,1000000,625,60,70,0
Heatran,"['Flash Fire', 'Flame Body']",Lava Dome Pokémon,fire,steel,90,91,106,77,430,1.7,4,100,3,1250000,485,130,106,1
Shieldon,"['Sturdy', 'Soundproof']",Shield Pokémon,rock,steel,42,30,118,30,57,0.5,4,70,45,600000,410,42,88,0
Bastiodon,"['Sturdy', 'Soundproof']",Shield Pokémon,rock,steel,52,60,168,30,149.5,1.3,4,70,45,600000,411,47,138,0
Probopass,"['Sturdy', 'Magnet Pull', 'Sand Force']",Compass Pokémon,rock,steel,55,60,145,40,340,1.4,4,70,60,1000000,476,75,150,0
Ferroseed,['Iron Barbs'],Thorn Seed Pokémon,grass,steel,50,44,91,10,18.8,0.6,5,70,255,1000000,597,24,86,0
Ferrothorn,"['Iron Barbs', 'Anticipation']",Thorn Pod Pokémon,grass,steel,94,74,131,20,110,1,5,70,90,1000000,598,54,116,0
Kartana,['Beast Boost'],Drawn Sword Pokémon,grass,steel,181,59,131,109,0.1,0.3,7,0,255,1250000,798,59,31,1
Empoleon,"['Torrent', 'Defiant']",Emperor Pokémon,water,steel,86,84,88,60,84.5,1.7,4,70,45,1059860,395,111,101,0
Excadrill,"['Sand Rush', 'Sand Force', 'Mold Breaker']",Subterrene Pokémon,ground,steel,135,110,60,88,40.4,0.7,5,70,60,1000000,530,50,65,0
Solgaleo,['Full Metal Body'],Sunne Pokémon,psychic,steel,137,137,107,97,230,3.4,7,0,45,1250000,791,113,89,1
Magnemite,"['Magnet Pull', 'Sturdy', 'Analytic']",Magnet Pokémon,electric,steel,35,25,70,45,6,0.3,1,70,190,1000000,81,95,55,0
Magneton,"['Magnet Pull', 'Sturdy', 'Analytic']",Magnet Pokémon,electric,steel,60,50,95,70,60,1,1,70,60,1000000,82,120,70,0
Magnezone,"['Magnet Pull', 'Sturdy', 'Analytic']",Magnet Area Pokémon,electric,steel,70,70,115,60,180,1.2,4,70,30,1000000,462,130,90,0
Togedemaru,"['Iron Barbs', 'Lightningrod', 'Sturdy']",Roly-Poly Pokémon,electric,steel,98,65,63,96,3.3,0.3,7,70,180,1000000,777,40,73,0
Lucario,"['Steadfast', 'Inner Focus', 'Justified']",Aura Pokémon,fighting,steel,145,70,88,112,54,1.2,4,70,45,1059860,448,140,70,0
Surskit,"['Swift Swim', 'Rain Dish']",Pond Skater Pokémon,bug,water,30,40,32,65,1.7,0.5,3,70,200,1000000,283,50,52,0
Wimpod,['Wimp Out'],Turn Tail Pokémon,bug,water,35,25,40,80,12,0.5,7,70,90,1000000,767,20,30,0
Golisopod,['Emergency Exit'],Hard Scale Pokémon,bug,water,125,75,140,40,108,2,7,70,45,1000000,768,60,90,0
Spheal,"['Thick Fat', 'Ice Body', 'Oblivious']",Clap Pokémon,ice,water,40,70,50,25,39.5,0.8,3,70,255,1059860,363,55,50,0
Sealeo,"['Thick Fat', 'Ice Body', 'Oblivious']",Ball Roll Pokémon,ice,water,60,90,70,45,87.6,1.1,3,70,120,1059860,364,75,70,0
Walrein,"['Thick Fat', 'Ice Body', 'Oblivious']",Ice Break Pokémon,ice,water,80,110,90,65,150.6,1.4,3,70,45,1059860,365,95,90,0
Volcanion,['Water Absorb'],Steam Pokémon,fire,water,110,80,120,70,195,1.7,6,100,3,1250000,721,130,90,1
Omanyte,"['Swift Swim', 'Shell Armor', 'Weak Armor']",Spiral Pokémon,rock,water,40,35,100,35,7.5,0.4,1,70,45,1000000,138,90,55,0
Omastar,"['Swift Swim', 'Shell Armor', 'Weak Armor']",Spiral Pokémon,rock,water,60,70,125,55,35,1,1,70,45,1000000,139,115,70,0
Kabuto,"['Swift Swim', 'Battle Armor', 'Weak Armor']",Shellfish Pokémon,rock,water,80,30,90,55,11.5,0.5,1,70,45,1000000,140,55,45,0
Kabutops,"['Swift Swim', 'Battle Armor', 'Weak Armor']",Shellfish Pokémon,rock,water,115,60,105,80,40.5,1.3,1,70,45,1000000,141,65,70,0
Binacle,"['Tough Claws', 'Sniper', 'Pickpocket']",Two-Handed Pokémon,rock,water,52,42,67,50,31,0.5,6,70,120,1000000,688,39,56,0
Barbaracle,"['Tough Claws', 'Sniper', 'Pickpocket']",Collective Pokémon,rock,water,105,72,115,68,96,1.3,6,70,45,1000000,689,54,86,0
Bibarel,"['Simple', 'Unaware', 'Moody']",Beaver Pokémon,normal,water,85,79,60,71,31.5,1,4,70,127,1000000,400,55,60,0
Skrelp,"['Poison Point', 'Poison Touch', 'Adaptability']",Mock Kelp Pokémon,poison,water,60,50,60,30,7.3,0.5,6,70,225,1000000,690,60,60,0
Mareanie,"['Merciless', 'Limber', 'Regenerator']",Brutal Star Pokémon,poison,water,53,50,62,45,8,0.4,7,70,190,1000000,747,43,52,0
Toxapex,"['Merciless', 'Limber', 'Regenerator']",Brutal Star Pokémon,poison,water,63,50,152,35,14.5,0.7,7,70,75,1000000,748,53,142,0
Noibat,"['Frisk', 'Infiltrator', 'Telepathy']",Sound Wave Pokémon,flying,dragon,30,40,35,55,8,0.5,6,70,190,1000000,714,45,40,0
Noivern,"['Frisk', 'Infiltrator', 'Telepathy']",Sound Wave Pokémon,flying,dragon,70,85,80,123,85,1.5,6,70,45,1000000,715,97,80,0
Deino,['Hustle'],Irate Pokémon,dark,dragon,65,52,50,38,17.3,0.8,5,35,45,1250000,633,45,50,0
Zweilous,['Hustle'],Hostile Pokémon,dark,dragon,85,72,70,58,50,1.4,5,35,45,1250000,634,65,70,0
Hydreigon,['Levitate'],Brutal Pokémon,dark,dragon,105,92,90,98,160,1.8,5,35,45,1250000,635,125,90,0
Guzzlord,['Beast Boost'],Junkivore Pokémon,dark,dragon,101,223,53,43,888,5.5,7,0,15,1250000,799,97,53,1
Turtonator,['Shell Armor'],Blast Turtle Pokémon,fire,dragon,78,60,135,36,212,2,7,70,70,1000000,776,91,85,0
Tyrunt,"['Strong Jaw', 'Sturdy']",Royal Heir Pokémon,rock,dragon,89,58,77,48,26,0.8,6,70,45,1000000,696,45,45,0
Tyrantrum,"['Strong Jaw', 'Rock Head']",Despot Pokémon,rock,dragon,121,82,119,71,270,2.5,6,70,45,1000000,697,69,59,0
Giratina,"['Pressure', 'Telepathy', 'Levitate']",Renegade Pokémon,ghost,dragon,120,150,100,90,750,4.5,4,0,3,1250000,487,120,100,1
Dialga,"['Pressure', 'Telepathy']",Temporal Pokémon,steel,dragon,120,100,120,90,683,5.4,4,0,3,1250000,483,150,100,1
Kingdra,"['Swift Swim', 'Sniper', 'Damp']",Dragon Pokémon,water,dragon,95,75,95,85,152,1.8,2,70,45,1000000,230,95,95,0
Palkia,"['Pressure', 'Telepathy']",Spatial Pokémon,water,dragon,120,90,100,100,336,4.2,4,0,3,1250000,484,150,120,1
Vibrava,['Levitate'],Vibration Pokémon,ground,dragon,70,50,50,70,15.3,1.1,3,70,120,1059860,329,50,50,0
Flygon,['Levitate'],Mystic Pokémon,ground,dragon,100,80,80,100,82,2,3,70,45,1059860,330,80,80,0
Drampa,"['Berserk', 'Sap Sipper', 'Cloud Nine']",Placid Pokémon,normal,dragon,60,78,85,36,185,3,7,70,70,1000000,780,135,91,0
Dragalge,"['Poison Point', 'Poison Touch', 'Adaptability']",Mock Kelp Pokémon,poison,dragon,75,65,90,44,81.5,1.8,6,70,55,1000000,691,97,123,0
Butterfree,"['Compoundeyes', 'Tinted Lens']",Butterfly Pokémon,bug,flying,45,60,50,70,32,1.1,1,70,45,1000000,12,90,80,0
Scyther,"['Swarm', 'Technician', 'Steadfast']",Mantis Pokémon,bug,flying,110,70,80,105,56,1.5,1,70,45,1000000,123,55,80,0
Ledyba,"['Swarm', 'Early Bird', 'Rattled']",Five Star Pokémon,bug,flying,20,40,30,55,10.8,1,2,70,255,800000,165,40,80,0
Ledian,"['Swarm', 'Early Bird', 'Iron Fist']",Five Star Pokémon,bug,flying,35,55,50,85,35.6,1.4,2,70,90,800000,166,55,110,0
Yanma,"['Speed Boost', 'Compoundeyes', 'Frisk']",Clear Wing Pokémon,bug,flying,65,65,45,95,38,1.2,2,70,75,1000000,193,75,45,0
Beautifly,"['Swarm', 'Rivalry']",Butterfly Pokémon,bug,flying,70,60,50,65,28.4,1,3,70,45,1000000,267,100,50,0
Masquerain,"['Intimidate', 'Unnerve']",Eyeball Pokémon,bug,flying,60,70,62,80,3.6,0.8,3,70,75,1000000,284,100,82,0
Ninjask,"['Speed Boost', 'Infiltrator']",Ninja Pokémon,bug,flying,90,61,45,160,12,0.8,3,70,120,600000,291,50,50,0
Mothim,"['Swarm', 'Tinted Lens']",Moth Pokémon,bug,flying,94,70,50,66,23.3,0.9,4,70,45,1000000,414,94,50,0
Combee,"['Honey Gather', 'Hustle']",Tiny Bee Pokémon,bug,flying,30,30,42,70,5.5,0.3,4,70,120,1059860,415,30,42,0
Vespiquen,"['Pressure', 'Unnerve']",Beehive Pokémon,bug,flying,80,70,102,40,38.5,1.2,4,70,45,1059860,416,80,102,0
Yanmega,"['Speed Boost', 'Tinted Lens', 'Frisk']",Ogre Darner Pokémon,bug,flying,76,86,86,95,51.5,1.9,4,70,30,1000000,469,116,56,0
Vivillon,"['Shield Dust', 'Compoundeyes', 'Friend Guard']",Scale Pokémon,bug,flying,52,80,50,89,17,1.2,6,70,45,1000000,666,90,50,0
Articuno,"['Pressure', 'Snow Cloak']",Freeze Pokémon,ice,flying,85,90,100,85,55.4,1.7,1,35,3,1250000,144,95,125,1
Delibird,"['Vital Spirit', 'Hustle', 'Insomnia']",Delivery Pokémon,ice,flying,55,45,45,75,16,0.9,2,70,45,800000,225,65,45,0
Murkrow,"['Insomnia', 'Super Luck', 'Prankster']",Darkness Pokémon,dark,flying,85,60,42,91,2.1,0.5,2,35,30,1059860,198,85,42,0
Honchkrow,"['Insomnia', 'Super Luck', 'Moxie']",Big Boss Pokémon,dark,flying,125,100,52,71,27.3,0.9,4,35,30,1059860,430,105,52,0
Vullaby,"['Big Pecks', 'Overcoat', 'Weak Armor']",Diapered Pokémon,dark,flying,55,70,75,60,9,0.5,5,35,190,1250000,629,45,65,0
Mandibuzz,"['Big Pecks', 'Overcoat', 'Weak Armor']",Bone Vulture Pokémon,dark,flying,65,110,105,80,39.5,1.2,5,35,60,1250000,630,55,95,0
Yveltal,['Dark Aura'],Destruction Pokémon,dark,flying,131,126,95,99,203,5.8,6,0,45,1250000,717,131,98,1
Charizard,"['Blaze', 'Solar Power']",Flame Pokémon,fire,flying,104,78,78,100,90.5,1.7,1,70,45,1059860,6,159,115,0
Moltres,"['Pressure', 'Flame Body']",Flame Pokémon,fire,flying,100,90,90,90,60,2,1,35,3,1250000,146,125,85,1
Ho-Oh,"['Pressure', 'Regenerator']",Rainbow Pokémon,fire,flying,130,106,90,90,199,3.8,2,0,3,1250000,250,110,154,1
Fletchinder,"['Flame Body', 'Gale Wings']",Ember Pokémon,fire,flying,73,62,55,84,16,0.7,6,70,120,1059860,662,56,52,0
Talonflame,"['Flame Body', 'Gale Wings']",Scorching Pokémon,fire,flying,81,78,71,126,24.5,1.2,6,70,45,1059860,663,74,69,0
Oricorio,['Dancer'],Dancing Pokémon,fire,flying,70,75,70,93,3.4,0.6,7,70,45,1000000,741,98,70,0
Aerodactyl,"['Rock Head', 'Pressure', 'Unnerve']",Fossil Pokémon,rock,flying,135,80,85,150,59,1.8,1,70,45,1250000,142,70,95,0
Archen,['Defeatist'],First Bird Pokémon,rock,flying,112,55,45,70,9.5,0.5,5,70,45,1000000,566,74,45,0
Archeops,['Defeatist'],First Bird Pokémon,rock,flying,140,75,65,110,32,1.4,5,70,45,1000000,567,112,65,0
Minior,['Shields Down'],Meteor Pokémon,rock,flying,100,60,60,120,40,0.3,7,70,30 (Meteorite)255 (Core),1059860,774,100,60,0
Togetic,"['Hustle', 'Serene Grace', 'Super Luck']",Happiness Pokémon,fairy,flying,40,55,85,40,3.2,0.6,2,70,75,800000,176,80,105,0
Togekiss,"['Hustle', 'Serene Grace', 'Super Luck']",Jubilee Pokémon,fairy,flying,50,85,95,80,38,1.5,4,70,30,800000,468,120,115,0
Drifloon,"['Aftermath', 'Unburden', 'Flare Boost']",Balloon Pokémon,ghost,flying,50,90,34,70,1.2,0.4,4,70,125,1640000,425,60,44,0
Drifblim,"['Aftermath', 'Unburden', 'Flare Boost']",Blimp Pokémon,ghost,flying,80,150,44,80,15,1.2,4,70,60,1640000,426,90,54,0
Hoppip,"['Chlorophyll', 'Leaf Guard', 'Infiltrator']",Cottonweed Pokémon,grass,flying,35,35,40,50,0.5,0.4,2,70,255,1059860,187,35,55,0
Skiploom,"['Chlorophyll', 'Leaf Guard', 'Infiltrator']",Cottonweed Pokémon,grass,flying,45,55,50,80,1,0.6,2,70,120,1059860,188,45,65,0
Jumpluff,"['Chlorophyll', 'Leaf Guard', 'Infiltrator']",Cottonweed Pokémon,grass,flying,55,75,70,110,3,0.8,2,70,45,1059860,189,55,95,0
Tropius,"['Chlorophyll', 'Solar Power', 'Harvest']",Fruit Pokémon,grass,flying,68,99,83,51,100,2,3,70,200,1250000,357,72,87,0
Rowlet,"['Overgrow', 'Long Reach']",Grass Quill Pokémon,grass,flying,55,68,55,42,1.5,0.3,7,70,45,1059860,722,50,50,0
Dartrix,"['Overgrow', 'Long Reach']",Blade Quill Pokémon,grass,flying,75,78,75,52,16,0.7,7,70,45,1059860,723,70,70,0
Skarmory,"['Keen Eye', 'Sturdy', 'Weak Armor']",Armor Bird Pokémon,steel,flying,80,65,140,70,50.5,1.7,2,70,25,1250000,227,40,70,0
Celesteela,['Beast Boost'],Launch Pokémon,steel,flying,101,97,103,61,999.9,9.2,7,0,25,1250000,797,107,101,1
Gyarados,"['Intimidate', 'Moxie']",Atrocious Pokémon,water,flying,155,95,109,81,235,6.5,1,70,45,1250000,130,70,130,0
Mantine,"['Swift Swim', 'Water Absorb', 'Water Veil']",Kite Pokémon,water,flying,40,85,70,70,220,2.1,2,70,25,1250000,226,80,140,0
Wingull,"['Keen Eye', 'Hydration', 'Rain Dish']",Seagull Pokémon,water,flying,30,40,30,85,9.5,0.6,3,70,190,1000000,278,55,30,0
Pelipper,"['Keen Eye', 'Drizzle', 'Rain Dish']",Water Bird Pokémon,water,flying,50,60,100,65,28,1.2,3,70,45,1000000,279,95,70,0
Mantyke,"['Swift Swim', 'Water Absorb', 'Water Veil']",Kite Pokémon,water,flying,20,45,50,50,65,1,4,70,25,1250000,458,60,120,0
Ducklett,"['Keen Eye', 'Big Pecks', 'Hydration']",Water Bird Pokémon,water,flying,44,62,50,55,5.5,0.5,5,70,190,1000000,580,44,50,0
Swanna,"['Keen Eye', 'Big Pecks', 'Hydration']",White Bird Pokémon,water,flying,87,75,63,98,24.2,1.3,5,70,45,1000000,581,87,63,0
Dragonite,"['Inner Focus', 'Multiscale']",Dragon Pokémon,dragon,flying,134,91,95,80,210,2.2,1,35,45,1250000,149,100,100,0
Altaria,"['Natural Cure', 'Cloud Nine']",Humming Pokémon,dragon,flying,110,75,110,80,20.6,1.1,3,70,45,600000,334,110,105,0
Salamence,"['Intimidate', 'Moxie']",Dragon Pokémon,dragon,flying,145,95,130,120,102.6,1.5,3,35,45,1250000,373,120,90,0
Rayquaza,['Air Lock'],Sky High Pokémon,dragon,flying,180,105,100,115,206.5,7,3,0,45,1250000,384,180,100,1
Gligar,"['Hyper Cutter', 'Sand Veil', 'Immunity']",Flyscorpion Pokémon,ground,flying,75,65,105,85,64.8,1.1,2,70,60,1059860,207,35,65,0
Gliscor,"['Hyper Cutter', 'Sand Veil', 'Poison Heal']",Fang Scorp Pokémon,ground,flying,95,75,125,95,42.5,2,4,70,30,1059860,472,45,75,0
Landorus,"['Sand Force', 'Sheer Force', 'Intimidate']",Abundance Pokémon,ground,flying,145,89,90,91,68,1.5,5,90,3,1250000,645,105,80,1
Pidgey,"['Keen Eye', 'Tangled Feet', 'Big Pecks']",Tiny Bird Pokémon,normal,flying,45,40,40,56,1.8,0.3,1,70,255,1059860,16,35,35,0
Pidgeotto,"['Keen Eye', 'Tangled Feet', 'Big Pecks']",Bird Pokémon,normal,flying,60,63,55,71,30,1.1,1,70,120,1059860,17,50,50,0
Pidgeot,"['Keen Eye', 'Tangled Feet', 'Big Pecks']",Bird Pokémon,normal,flying,80,83,80,121,39.5,1.5,1,70,45,1059860,18,135,80,0
Spearow,"['Keen Eye', 'Sniper']",Tiny Bird Pokémon,normal,flying,60,40,30,70,2,0.3,1,70,255,1000000,21,31,31,0
Fearow,"['Keen Eye', 'Sniper']",Beak Pokémon,normal,flying,90,65,65,100,38,1.2,1,70,90,1000000,22,61,61,0
Farfetch'd,"['Keen Eye', 'Inner Focus', 'Defiant']",Wild Duck Pokémon,normal,flying,90,52,55,60,15,0.8,1,70,45,1000000,83,58,62,0
Doduo,"['Run Away', 'Early Bird', 'Tangled Feet']",Twin Bird Pokémon,normal,flying,85,35,45,75,39.2,1.4,1,70,190,1000000,84,35,35,0
Dodrio,"['Run Away', 'Early Bird', 'Tangled Feet']",Triple Bird Pokémon,normal,flying,110,60,70,110,85.2,1.8,1,70,45,1000000,85,60,60,0
Hoothoot,"['Insomnia', 'Keen Eye', 'Tinted Lens']",Owl Pokémon,normal,flying,30,60,30,50,21.2,0.7,2,70,255,1000000,163,36,56,0
Noctowl,"['Insomnia', 'Keen Eye', 'Tinted Lens']",Owl Pokémon,normal,flying,50,100,50,70,40.8,1.6,2,70,90,1000000,164,86,96,0
Taillow,"['Guts', 'Scrappy']",TinySwallow Pokémon,normal,flying,55,40,30,85,2.3,0.3,3,70,200,1059860,276,30,30,0
Swellow,"['Guts', 'Scrappy']",Swallow Pokémon,normal,flying,85,60,60,125,19.8,0.7,3,70,45,1059860,277,75,50,0
Swablu,"['Natural Cure', 'Cloud Nine']",Cotton Bird Pokémon,normal,flying,40,45,60,50,1.2,0.4,3,70,255,600000,333,40,75,0
Starly,"['Keen Eye', 'Reckless']",Starling Pokémon,normal,flying,55,40,30,60,2,0.3,4,70,255,1059860,396,30,30,0
Staravia,"['Intimidate', 'Reckless']",Starling Pokémon,normal,flying,75,55,50,80,15.5,0.6,4,70,120,1059860,397,40,40,0
Staraptor,"['Intimidate', 'Reckless']",Predator Pokémon,normal,flying,120,85,70,100,24.9,1.2,4,70,45,1059860,398,50,60,0
Chatot,"['Keen Eye', 'Tangled Feet', 'Big Pecks']",Music Note Pokémon,normal,flying,65,76,45,91,1.9,0.5,4,35,30,1059860,441,92,42,0
Pidove,"['Big Pecks', 'Super Luck', 'Rivalry']",Tiny Pigeon Pokémon,normal,flying,55,50,50,43,2.1,0.3,5,70,255,1059860,519,36,30,0
Tranquill,"['Big Pecks', 'Super Luck', 'Rivalry']",Wild Pigeon Pokémon,normal,flying,77,62,62,65,15,0.6,5,70,120,1059860,520,50,42,0
Unfezant,"['Big Pecks', 'Super Luck', 'Rivalry']",Proud Pokémon,normal,flying,115,80,80,93,29,1.2,5,70,45,1059860,521,65,55,0
Rufflet,"['Keen Eye', 'Sheer Force', 'Hustle']",Eaglet Pokémon,normal,flying,83,70,50,60,10.5,0.5,5,70,190,1250000,627,37,50,0
Braviary,"['Keen Eye', 'Sheer Force', 'Defiant']",Valiant Pokémon,normal,flying,123,100,75,80,41,1.5,5,70,60,1250000,628,57,75,0
Fletchling,"['Big Pecks', 'Gale Wings']",Tiny Robin Pokémon,normal,flying,50,45,43,62,1.7,0.3,6,70,255,1059860,661,40,38,0
Pikipek,"['Keen Eye', 'Skill Link', 'Pickup']",Woodpecker Pokémon,normal,flying,75,35,30,65,1.2,0.3,7,70,255,1000000,731,30,30,0
Trumbeak,"['Keen Eye', 'Skill Link', 'Pickup']",Bugle Beak Pokémon,normal,flying,85,55,50,75,14.8,0.6,7,70,120,1000000,732,40,50,0
Toucannon,"['Keen Eye', 'Skill Link', 'Sheer Force']",Cannon Pokémon,normal,flying,120,80,75,60,26,1.1,7,70,45,1000000,733,75,75,0
Zubat,"['Inner Focus', 'Infiltrator']",Bat Pokémon,poison,flying,45,40,35,55,7.5,0.8,1,70,255,1000000,41,30,40,0
Golbat,"['Inner Focus', 'Infiltrator']",Bat Pokémon,poison,flying,80,75,70,90,55,1.6,1,70,90,1000000,42,65,75,0
Crobat,"['Inner Focus', 'Infiltrator']",Bat Pokémon,poison,flying,90,85,80,130,75,1.8,2,70,90,1000000,169,70,80,0
Natu,"['Synchronize', 'Early Bird', 'Magic Bounce']",Little Bird Pokémon,psychic,flying,50,40,45,70,2,0.2,2,70,190,1000000,177,70,45,0
Xatu,"['Synchronize', 'Early Bird', 'Magic Bounce']",Mystic Pokémon,psychic,flying,75,65,70,95,15,1.5,2,70,75,1000000,178,95,70,0
Lugia,"['Pressure', 'Multiscale']",Diving Pokémon,psychic,flying,90,106,130,110,216,5.2,2,0,3,1250000,249,90,154,1
Woobat,"['Unaware', 'Klutz', 'Simple']",Bat Pokémon,psychic,flying,45,65,43,72,2.1,0.4,5,70,190,1000000,527,55,43,0
Swoobat,"['Unaware', 'Klutz', 'Simple']",Courting Pokémon,psychic,flying,57,67,55,114,10.5,0.9,5,70,45,1000000,528,77,55,0
Sigilyph,"['Wonder Skin ', 'Magic Guard', 'Tinted Lens']",Avianoid Pokémon,psychic,flying,58,72,80,97,14,1.4,5,70,45,1000000,561,103,80,0
Zapdos,"['Pressure', 'Static']",Electric Pokémon,electric,flying,90,90,85,100,52.6,1.6,1,35,3,1250000,145,125,90,1
Emolga,"['Static', 'Motor Drive']",Sky Squirrel Pokémon,electric,flying,75,55,60,103,5,0.4,5,70,200,1000000,587,75,60,0
Thundurus,"['Prankster', 'Defiant', 'Volt Absorb']",Bolt Strike Pokémon,electric,flying,105,79,70,101,61,1.5,5,90,3,1250000,642,145,80,1
Hawlucha,"['Limber', 'Unburden', 'Mold Breaker']",Wrestling Pokémon,fighting,flying,92,78,75,118,21.5,0.8,6,70,100,1000000,701,74,63,0
Nincada,"['Compoundeyes', 'Run Away']",Trainee Pokémon,bug,ground,45,31,90,40,5.5,0.5,3,70,255,600000,290,30,30,0
Swinub,"['Oblivious', 'Snow Cloak', 'Thick Fat']",Pig Pokémon,ice,ground,50,50,40,50,6.5,0.4,2,70,225,1250000,220,30,30,0
Piloswine,"['Oblivious', 'Snow Cloak', 'Thick Fat']",Swine Pokémon,ice,ground,100,100,80,50,55.8,1.1,2,70,75,1250000,221,60,60,0
Mamoswine,"['Oblivious', 'Snow Cloak', 'Thick Fat']",Twin Tusk Pokémon,ice,ground,130,110,80,80,291,2.5,4,70,50,1250000,473,70,60,0
Numel,"['Oblivious', 'Simple', 'Own Tempo']",Numb Pokémon,fire,ground,60,60,40,35,24,0.7,3,70,255,1000000,322,65,45,0
Camerupt,"['Magma Armor', 'Solid Rock', 'Anger Point']",Eruption Pokémon,fire,ground,120,70,100,20,220,1.9,3,70,150,1000000,323,145,105,0
Geodude,"['Rock Head', 'Sturdy', 'Sand Veil', 'Magnet Pull', 'Sturdy', 'Galvanize']",Rock Pokémon,rock,ground,80,40,100,20,,,1,70,255,1059860,74,30,30,0
Graveler,"['Rock Head', 'Sturdy', 'Sand Veil', 'Magnet Pull', 'Sturdy', 'Galvanize']",Rock Pokémon,rock,ground,95,55,115,35,,,1,70,120,1059860,75,45,45,0
Golem,"['Rock Head', 'Sturdy', 'Sand Veil', 'Magnet Pull', 'Sturdy', 'Galvanize']",Megaton Pokémon,rock,ground,120,80,130,45,,,1,70,45,1059860,76,55,65,0
Onix,"['Rock Head', 'Sturdy', 'Weak Armor']",Rock Snake Pokémon,rock,ground,45,35,160,70,210,8.8,1,70,45,1000000,95,30,45,0
Larvitar,"['Guts', 'Sand Veil']",Rock Skin Pokémon,rock,ground,64,50,50,41,72,0.6,2,35,45,1250000,246,45,50,0
Pupitar,['Shed Skin'],Hard Shell Pokémon,rock,ground,84,70,70,51,152,1.2,2,35,45,1250000,247,65,70,0
Sandygast,"['Water Compaction', 'Sand Veil']",Sand Heap Pokémon,ghost,ground,55,55,80,15,70,0.5,7,70,140,1000000,769,70,45,0
Palossand,"['Water Compaction', 'Sand Veil']",Sand Castle Pokémon,ghost,ground,75,85,110,35,250,1.3,7,70,60,1000000,770,100,75,0
Torterra,"['Overgrow', 'Shell Armor']",Continent Pokémon,grass,ground,109,95,105,56,310,2.2,4,70,45,1059860,389,75,85,0
Steelix,"['Rock Head', 'Sturdy', 'Sheer Force']",Iron Snake Pokémon,steel,ground,125,75,230,30,400,9.2,2,70,25,1000000,208,55,95,0
Wooper,"['Damp', 'Water Absorb', 'Unaware']",Water Fish Pokémon,water,ground,45,55,45,15,8.5,0.4,2,70,255,1000000,194,25,25,0
Quagsire,"['Damp', 'Water Absorb', 'Unaware']",Water Fish Pokémon,water,ground,85,95,85,35,75,1.4,2,70,90,1000000,195,65,65,0
Marshtomp,"['Torrent', 'Damp']",Mud Fish Pokémon,water,ground,85,70,70,50,28,0.7,3,70,45,1059860,259,60,70,0
Swampert,"['Torrent', 'Damp']",Mud Fish Pokémon,water,ground,150,100,110,70,81.9,1.5,3,70,45,1059860,260,95,110,0
Barboach,"['Oblivious', 'Anticipation', 'Hydration']",Whiskers Pokémon,water,ground,48,50,43,60,1.9,0.4,3,70,190,1000000,339,46,41,0
Whiscash,"['Oblivious', 'Anticipation', 'Hydration']",Whiskers Pokémon,water,ground,78,110,73,60,23.6,0.9,3,70,75,1000000,340,76,71,0
Gastrodon,"['Sticky Hold', 'Storm Drain', 'Sand Force']",Sea Slug Pokémon,water,ground,83,111,68,39,29.9,0.9,4,70,75,1000000,423,92,82,0
Palpitoad,"['Swift Swim', 'Hydration', 'Water Absorb']",Vibration Pokémon,water,ground,65,75,55,69,17,0.8,5,70,120,1059860,536,65,55,0
Seismitoad,"['Swift Swim', 'Poison Touch', 'Water Absorb']",Vibration Pokémon,water,ground,95,105,75,74,62,1.5,5,70,45,1059860,537,85,75,0
Gible,"['Sand Veil', 'Rough Skin']",Land Shark Pokémon,dragon,ground,70,58,45,42,20.5,0.7,4,70,45,1250000,443,40,45,0
Gabite,"['Sand Veil', 'Rough Skin']",Cave Pokémon,dragon,ground,90,68,65,82,56,1.4,4,70,45,1250000,444,50,55,0
Garchomp,"['Sand Veil', 'Rough Skin']",Mach Pokémon,dragon,ground,170,108,115,92,95,1.9,4,70,45,1250000,445,120,95,0
Zygarde,"['Aura Break', 'Power Construct']",Order Pokémon,dragon,ground,100,216,121,85,284.6,5,6,0,3,1250000,718,91,95,1
Diglett,"['Sand Veil', 'Arena Trap', 'Sand Force', 'Sand Veil', 'Tangling Hair', 'Sand Force']",Mole Pokémon,ground,ground,55,10,30,90,,,1,70,255,1000000,50,35,45,0
Dugtrio,"['Sand Veil', 'Arena Trap', 'Sand Force', 'Sand Veil', 'Tangling Hair', 'Sand Force']",Mole Pokémon,ground,ground,100,35,60,110,,,1,70,50,1000000,51,50,70,0
Diggersby,"['Pickup', 'Cheek Pouch', 'Huge Power']",Digging Pokémon,normal,ground,56,85,77,78,42.4,1,6,70,127,1000000,660,50,77,0
Nidoqueen,"['Poison Point', 'Rivalry', 'Sheer Force']",Drill Pokémon,poison,ground,92,90,87,76,60,1.3,1,70,45,1059860,31,75,85,0
Nidoking,"['Poison Point', 'Rivalry', 'Sheer Force']",Drill Pokémon,poison,ground,102,81,77,85,62,1.4,1,70,45,1059860,34,85,75,0
Litleo,"['Rivalry', 'Unnerve', 'Moxie']",Lion Cub Pokémon,fire,normal,50,62,58,72,13.5,0.6,6,70,220,1059860,667,73,54,0
Pyroar,"['Rivalry', 'Unnerve', 'Moxie']",Royal Pokémon,fire,normal,68,86,72,106,81.5,1.5,6,70,65,1059860,668,109,66,0
Helioptile,"['Dry Skin', 'Sand Veil', 'Solar Power']",Generator Pokémon,electric,normal,38,44,33,70,6,0.5,6,70,190,1000000,694,61,43,0
Heliolisk,"['Dry Skin', 'Sand Veil', 'Solar Power']",Generator Pokémon,electric,normal,55,62,52,109,21,1,6,70,75,1000000,695,109,94,0
Weedle,"['Shield Dust', 'Run Away']",Hairy Pokémon,bug,poison,35,40,30,50,3.2,0.3,1,70,255,1000000,13,20,20,0
Kakuna,['Shed Skin'],Cocoon Pokémon,bug,poison,25,45,50,35,10,0.6,1,70,120,1000000,14,25,25,0
Beedrill,"['Swarm', 'Sniper']",Poison Bee Pokémon,bug,poison,150,65,40,145,29.5,1,1,70,45,1000000,15,15,80,0
Venonat,"['Compoundeyes', 'Tinted Lens', 'Run Away']",Insect Pokémon,bug,poison,55,60,50,45,30,1,1,70,190,1000000,48,40,55,0
Venomoth,"['Shield Dust', 'Tinted Lens', 'Wonder Skin ']",Poison Moth Pokémon,bug,poison,65,70,60,90,12.5,1.5,1,70,75,1000000,49,90,75,0
Spinarak,"['Swarm', 'Insomnia', 'Sniper']",String Spit Pokémon,bug,poison,60,40,40,30,8.5,0.5,2,70,255,800000,167,40,40,0
Ariados,"['Swarm', 'Insomnia', 'Sniper']",Long Leg Pokémon,bug,poison,90,70,70,40,33.5,1.1,2,70,90,800000,168,60,70,0
Dustox,"['Shield Dust', 'Compoundeyes']",Poison Moth Pokémon,bug,poison,50,60,70,65,31.6,1.2,3,70,45,1000000,269,50,90,0
Venipede,"['Poison Point', 'Swarm', 'Speed Boost']",Centipede Pokémon,bug,poison,45,30,59,57,5.3,0.4,5,70,255,1059860,543,30,39,0
Whirlipede,"['Poison Point', 'Swarm', 'Speed Boost']",Curlipede Pokémon,bug,poison,55,40,99,47,58.5,1.2,5,70,120,1059860,544,40,79,0
Scolipede,"['Poison Point', 'Swarm', 'Speed Boost']",Megapede Pokémon,bug,poison,100,60,89,112,200.5,2.5,5,70,45,1059860,545,55,69,0
Nihilego,['Beast Boost'],Parasite Pokémon,rock,poison,53,109,47,103,55.5,1.2,7,0,45,1250000,793,127,131,1
Gastly,['Levitate'],Gas Pokémon,ghost,poison,35,30,30,80,0.1,1.3,1,70,190,1059860,92,100,35,0
Haunter,['Levitate'],Gas Pokémon,ghost,poison,50,45,45,95,0.1,1.6,1,70,90,1059860,93,115,55,0
Gengar,['Cursed Body'],Shadow Pokémon,ghost,poison,65,60,80,130,40.5,1.5,1,70,45,1059860,94,170,95,0
Bulbasaur,"['Overgrow', 'Chlorophyll']",Seed Pokémon,grass,poison,49,45,49,45,6.9,0.7,1,70,45,1059860,1,65,65,0
Ivysaur,"['Overgrow', 'Chlorophyll']",Seed Pokémon,grass,poison,62,60,63,60,13,1,1,70,45,1059860,2,80,80,0
Venusaur,"['Overgrow', 'Chlorophyll']",Seed Pokémon,grass,poison,100,80,123,80,100,2,1,70,45,1059860,3,122,120,0
Oddish,"['Chlorophyll', 'Run Away']",Weed Pokémon,grass,poison,50,45,55,30,5.4,0.5,1,70,255,1059860,43,75,65,0
Gloom,"['Chlorophyll', 'Stench']",Weed Pokémon,grass,poison,65,60,70,40,8.6,0.8,1,70,120,1059860,44,85,75,0
Vileplume,"['Chlorophyll', 'Effect Spore']",Flower Pokémon,grass,poison,80,75,85,50,18.6,1.2,1,70,45,1059860,45,110,90,0
Bellsprout,"['Chlorophyll', 'Gluttony']",Flower Pokémon,grass,poison,75,50,35,40,4,0.7,1,70,255,1059860,69,70,30,0
Weepinbell,"['Chlorophyll', 'Gluttony']",Flycatcher Pokémon,grass,poison,90,65,50,55,6.4,1,1,70,120,1059860,70,85,45,0
Victreebel,"['Chlorophyll', 'Gluttony']",Flycatcher Pokémon,grass,poison,105,80,65,70,15.5,1.7,1,70,45,1059860,71,100,70,0
Roselia,"['Natural Cure', 'Poison Point', 'Leaf Guard']",Thorn Pokémon,grass,poison,60,50,45,65,2,0.3,3,70,150,1059860,315,100,80,0
Budew,"['Natural Cure', 'Poison Point', 'Leaf Guard']",Bud Pokémon,grass,poison,30,40,35,55,1.2,0.2,4,70,255,1059860,406,50,70,0
Roserade,"['Natural Cure', 'Poison Point', 'Technician']",Bouquet Pokémon,grass,poison,70,60,65,90,14.5,0.9,4,70,75,1059860,407,125,105,0
Foongus,"['Effect Spore', 'Regenerator']",Mushroom Pokémon,grass,poison,55,69,45,15,1,0.2,5,70,190,1000000,590,55,55,0
Amoonguss,"['Effect Spore', 'Regenerator']",Mushroom Pokémon,grass,poison,85,114,70,30,10.5,0.6,5,70,75,1000000,591,85,80,0
Tentacool,"['Clear Body', 'Liquid Ooze', 'Rain Dish']",Jellyfish Pokémon,water,poison,40,40,35,70,45.5,0.9,1,70,190,1250000,72,50,100,0
Tentacruel,"['Clear Body', 'Liquid Ooze', 'Rain Dish']",Jellyfish Pokémon,water,poison,70,80,65,100,55,1.6,1,70,60,1250000,73,80,120,0
Qwilfish,"['Poison Point', 'Swift Swim', 'Intimidate']",Balloon Pokémon,water,poison,95,65,85,85,3.9,0.5,2,70,45,1000000,211,55,55,0
Grimer,"['Stench', 'Sticky Hold', 'Poison Touch', 'Poison Touch', 'Gluttony', 'Power of Alchemy']",Sludge Pokémon,poison,poison,80,80,50,25,,,1,70,190,1000000,88,40,50,0
Muk,"['Stench', 'Sticky Hold', 'Poison Touch', 'Poison Touch', 'Gluttony', 'Power of Alchemy']",Sludge Pokémon,poison,poison,105,105,75,50,,,1,70,75,1000000,89,65,100,0
Jynx,"['Oblivious', 'Forewarn', 'Dry Skin']",Humanshape Pokémon,ice,psychic,50,65,35,95,40.6,1.4,1,70,45,1000000,124,115,95,0
Smoochum,"['Oblivious', 'Forewarn', 'Hydration']",Kiss Pokémon,ice,psychic,30,45,15,65,6,0.4,2,70,45,1000000,238,85,65,0
Inkay,"['Contrary', 'Suction Cups', 'Infiltrator']",Revolving Pokémon,dark,psychic,54,53,53,45,3.5,0.4,6,70,190,1000000,686,37,46,0
Malamar,"['Contrary', 'Suction Cups', 'Infiltrator']",Overturning Pokémon,dark,psychic,92,86,88,73,47,1.5,6,70,80,1000000,687,68,75,0
Delphox,"['Blaze', 'Magician']",Fox Pokémon,fire,psychic,69,75,72,104,39,1.5,6,70,45,1059860,655,114,100,0
Lunatone,['Levitate'],Meteorite Pokémon,rock,psychic,55,90,65,70,168,1,3,70,45,800000,337,95,85,0
Solrock,['Levitate'],Meteorite Pokémon,rock,psychic,95,90,85,70,154,1.2,3,70,45,800000,338,55,65,0
Exeggcute,"['Chlorophyll', 'Harvest']",Egg Pokémon,grass,psychic,40,60,80,40,2.5,0.4,1,70,90,1250000,102,60,45,0
Exeggutor,"['Chlorophyll', 'Harvest', 'Frisk', 'Harvest']",Coconut Pokémon,grass,psychic,105,95,85,45,,,1,70,45,1250000,103,125,75,0
Beldum,"['Clear Body', 'Light Metal']",Iron Ball Pokémon,steel,psychic,55,40,80,30,95.2,0.6,3,35,3,1250000,374,35,60,0
Metang,"['Clear Body', 'Light Metal']",Iron Claw Pokémon,steel,psychic,75,60,100,50,202.5,1.2,3,35,3,1250000,375,55,80,0
Metagross,"['Clear Body', 'Light Metal']",Iron Leg Pokémon,steel,psychic,145,80,150,110,550,1.6,3,35,3,1250000,376,105,110,0
Jirachi,['Serene Grace'],Wish Pokémon,steel,psychic,100,100,100,100,1.1,0.3,3,100,3,1250000,385,100,100,1
Bronzor,"['Levitate', 'Heatproof', 'Heavy Metal']",Bronze Pokémon,steel,psychic,24,57,86,23,60.5,0.5,4,70,255,1000000,436,24,86,0
Bronzong,"['Levitate', 'Heatproof', 'Heavy Metal']",Bronze Bell Pokémon,steel,psychic,89,67,116,33,187,1.3,4,70,90,1000000,437,79,116,0
Slowpoke,"['Oblivious', 'Own Tempo', 'Regenerator']",Dopey Pokémon,water,psychic,65,90,65,15,36,1.2,1,70,190,1000000,79,40,40,0
Slowbro,"['Oblivious', 'Own Tempo', 'Regenerator']",Hermit Crab Pokémon,water,psychic,75,95,180,30,78.5,1.6,1,70,75,1000000,80,130,80,0
Starmie,"['Illuminate', 'Natural Cure', 'Analytic']",Mysterious Pokémon,water,psychic,75,60,85,115,80,1.1,1,70,60,1250000,121,100,85,0
Slowking,"['Oblivious', 'Own Tempo', 'Regenerator']",Royal Pokémon,water,psychic,75,95,80,30,79.5,2,2,70,70,1000000,199,100,110,0
Bruxish,"['Dazzling', 'Strong Jaw', 'Wonder Skin ']",Gnash Teeth Pokémon,water,psychic,105,68,70,92,19,0.9,7,70,80,1000000,779,70,70,0
Latias,['Levitate'],Eon Pokémon,dragon,psychic,100,80,120,110,40,1.4,3,90,3,1250000,380,140,150,1
Latios,['Levitate'],Eon Pokémon,dragon,psychic,130,80,100,110,60,2,3,90,3,1250000,381,160,120,1
Baltoy,['Levitate'],Clay Doll Pokémon,ground,psychic,40,40,55,55,21.5,0.5,3,70,255,1000000,343,40,70,0
Claydol,['Levitate'],Clay Doll Pokémon,ground,psychic,70,60,105,75,108,1.5,3,70,90,1000000,344,70,120,0
Girafarig,"['Inner Focus', 'Early Bird', 'Sap Sipper']",Long Neck Pokémon,normal,psychic,80,70,65,85,41.5,1.5,2,70,60,1000000,203,90,65,0
Meloetta,['Serene Grace'],Melody Pokémon,normal,psychic,128,100,90,128,6.5,0.6,5,100,3,1250000,648,77,77,1
Oranguru,"['Inner Focus', 'Telepathy', 'Symbiosis']",Sage Pokémon,normal,psychic,60,90,80,60,76,1.5,7,70,45,1250000,765,90,110,0
Meditite,"['Pure Power', 'Telepathy']",Meditate Pokémon,fighting,psychic,40,30,55,60,11.2,0.6,3,70,180,1000000,307,40,55,0
Medicham,"['Pure Power', 'Telepathy']",Meditate Pokémon,fighting,psychic,100,60,85,100,31.5,1.3,3,70,90,1000000,308,80,85,0
Joltik,"['Compoundeyes', 'Unnerve', 'Swarm']",Attaching Pokémon,bug,electric,47,50,50,65,0.6,0.1,5,70,190,1000000,595,57,50,0
Galvantula,"['Compoundeyes', 'Unnerve', 'Swarm']",EleSpider Pokémon,bug,electric,77,70,60,108,14.3,0.8,5,70,75,1000000,596,97,60,0
Charjabug,['Battery'],Battery Pokémon,bug,electric,82,57,95,36,10.5,0.5,7,70,120,1000000,737,55,75,0
Vikavolt,['Levitate'],Stag Beetle Pokémon,bug,electric,70,77,90,43,45,1.5,7,70,45,1000000,738,145,75,0
Chinchou,"['Volt Absorb', 'Illuminate', 'Water Absorb']",Angler Pokémon,water,electric,38,75,38,67,12,0.5,2,70,190,1250000,170,56,56,0
Lanturn,"['Volt Absorb', 'Illuminate', 'Water Absorb']",Light Pokémon,water,electric,58,125,58,67,22.5,1.2,2,70,75,1250000,171,76,76,0
Zekrom,['Teravolt'],Deep Black Pokémon,dragon,electric,150,100,120,90,345,2.9,5,0,3,1250000,644,120,100,1
Stunfisk,"['Static', 'Limber', 'Sand Veil']",Trap Pokémon,ground,electric,66,109,84,32,11,0.7,5,70,75,1000000,618,81,99,0
Raichu,"['Static', 'Lightningrod', 'Surge Surfer']",Mouse Pokémon,electric,electric,85,60,50,110,,,1,70,75,1000000,26,95,85,0
Heracross,"['Swarm', 'Guts', 'Moxie']",Singlehorn Pokémon,bug,fighting,185,80,115,75,54,1.5,2,70,45,1250000,214,40,105,0
Buzzwole,['Beast Boost'],Swollen Pokémon,bug,fighting,139,107,139,79,333.6,2.4,7,0,25,1250000,794,53,53,1
Pheromosa,['Beast Boost'],Lissome Pokémon,bug,fighting,137,71,37,151,25,1.8,7,0,255,1250000,795,137,37,1
Scraggy,"['Shed Skin', 'Moxie', 'Intimidate']",Shedding Pokémon,dark,fighting,75,50,70,48,11.8,0.6,5,35,180,1000000,559,35,70,0
Scrafty,"['Shed Skin', 'Moxie', 'Intimidate']",Hoodlum Pokémon,dark,fighting,90,65,115,58,30,1.1,5,70,90,1000000,560,45,115,0
Combusken,"['Blaze', 'Speed Boost']",Young Fowl Pokémon,fire,fighting,85,60,60,55,19.5,0.9,3,70,45,1059860,256,85,60,0
Blaziken,"['Blaze', 'Speed Boost']",Blaze Pokémon,fire,fighting,160,80,80,100,52,1.9,3,70,45,1059860,257,130,80,0
Monferno,"['Blaze', 'Iron Fist']",Playful Pokémon,fire,fighting,78,64,52,81,22,0.9,4,70,45,1059860,391,78,52,0
Infernape,"['Blaze', 'Iron Fist']",Flame Pokémon,fire,fighting,104,76,71,108,55,1.2,4,70,45,1059860,392,104,71,0
Pignite,"['Blaze', 'Thick Fat']",Fire Pig Pokémon,fire,fighting,93,90,55,55,55.5,1,5,70,45,1059860,499,70,55,0
Emboar,"['Blaze', 'Reckless']",Mega Fire Pig Pokémon,fire,fighting,123,110,65,65,150,1.6,5,70,45,1059860,500,100,65,0
Terrakion,['Justified'],Cavern Pokémon,rock,fighting,129,91,90,108,260,1.9,5,35,3,1250000,639,72,90,1
Breloom,"['Effect Spore', 'Poison Heal', 'Technician']",Mushroom Pokémon,grass,fighting,130,60,80,70,39.2,1.2,3,70,90,1640000,286,60,60,0
Virizion,['Justified'],Grassland Pokémon,grass,fighting,90,91,72,108,200,2,5,35,3,1250000,640,90,129,1
Chesnaught,"['Overgrow', 'Bulletproof']",Spiny Armor Pokémon,grass,fighting,107,88,122,64,90,1.6,6,70,45,1059860,652,74,75,0
Cobalion,['Justified'],Iron Will Pokémon,steel,fighting,90,91,129,108,250,2.1,5,35,3,1250000,638,90,72,1
Poliwrath,"['Water Absorb', 'Damp', 'Swift Swim']",Tadpole Pokémon,water,fighting,95,90,95,70,54,1.3,1,70,45,1059860,62,70,90,0
Keldeo,['Justified'],Colt Pokémon,water,fighting,72,91,90,108,48.5,1.4,5,35,3,1250000,647,129,90,1
Hakamo-o,"['Bulletproof', 'Soundproof', 'Overcoat']",Scaly Pokémon,dragon,fighting,75,55,90,65,47,1.2,7,70,45,1250000,783,65,70,0
Kommo-o,"['Bulletproof', 'Soundproof', 'Overcoat']",Scaly Pokémon,dragon,fighting,110,75,125,85,78.2,1.6,7,70,45,1250000,784,100,105,0
Stufful,"['Fluffy', 'Klutz', 'Cute Charm']",Flailing Pokémon,normal,fighting,75,70,50,50,6.8,0.5,7,70,140,1000000,759,45,50,0
Bewear,"['Fluffy', 'Klutz', 'Unnerve']",Strong Arm Pokémon,normal,fighting,125,120,80,60,135,2.1,7,70,70,1000000,760,55,60,0
Croagunk,"['Anticipation', 'Dry Skin', 'Poison Touch']",Toxic Mouth Pokémon,poison,fighting,61,48,40,50,23,0.7,4,100,140,1000000,453,61,40,0
Toxicroak,"['Anticipation', 'Dry Skin', 'Poison Touch']",Toxic Mouth Pokémon,poison,fighting,106,83,65,85,44.4,1.3,4,70,75,1000000,454,86,65,0
Gallade,"['Steadfast', 'Justified']",Blade Pokémon,psychic,fighting,165,68,95,110,52,1.6,4,35,45,1250000,475,65,115,0
